,frame,face_id,timestamp,confidence,success,x_17,x_18,x_19,x_20,x_21,x_22,x_23,x_24,x_25,x_26,y_17,y_18,y_19,y_20,y_21,y_22,y_23,y_24,y_25,y_26,x_33,y_33
0,1,0,0.0,0.98,1,-25.700000000000045,-20.5,-14.299999999999955,-8.299999999999955,-3.0,7.899999999999977,13.5,18.799999999999955,23.899999999999977,26.899999999999977,-29.600000000000023,-32.60000000000002,-33.0,-31.5,-28.69999999999999,-27.80000000000001,-29.30000000000001,-29.399999999999977,-27.80000000000001,-23.899999999999977,995.0,340.0
1,2,0,0.033,0.98,1,-25.299999999999955,-20.09999999999991,-14.099999999999909,-8.199999999999932,-3.099999999999909,8.5,13.900000000000091,19.200000000000045,24.100000000000023,27.100000000000023,-30.19999999999999,-33.10000000000002,-33.400000000000034,-31.900000000000034,-29.100000000000023,-28.100000000000023,-29.5,-29.600000000000023,-28.0,-24.19999999999999,994.3,340.3
2,3,0,0.067,0.98,1,-25.399999999999977,-20.200000000000045,-14.100000000000023,-8.100000000000023,-2.8999999999999773,8.100000000000023,13.700000000000045,19.100000000000023,24.100000000000023,27.200000000000045,-30.099999999999966,-33.099999999999966,-33.39999999999998,-31.80000000000001,-28.899999999999977,-27.899999999999977,-29.5,-29.599999999999966,-27.899999999999977,-24.099999999999966,993.5,340.2
3,4,0,0.1,0.98,1,-25.100000000000023,-20.0,-13.899999999999977,-8.0,-2.8999999999999773,8.300000000000068,13.899999999999977,19.300000000000068,24.300000000000068,27.399999999999977,-30.0,-33.0,-33.19999999999999,-31.69999999999999,-28.899999999999977,-28.0,-29.5,-29.5,-27.899999999999977,-24.099999999999966,992.4,339.9
4,5,0,0.133,0.98,1,-24.899999999999977,-19.799999999999955,-13.799999999999955,-8.0,-3.0,8.300000000000068,13.800000000000068,19.100000000000023,24.100000000000023,27.200000000000045,-29.900000000000034,-32.80000000000001,-33.10000000000002,-31.600000000000023,-28.900000000000034,-27.900000000000034,-29.400000000000034,-29.5,-27.900000000000034,-24.200000000000045,991.3,339.6
5,6,0,0.167,0.98,1,-25.299999999999955,-20.299999999999955,-14.200000000000045,-8.399999999999977,-3.2000000000000455,8.200000000000045,13.700000000000045,19.0,24.0,27.100000000000023,-29.600000000000023,-32.60000000000002,-33.0,-31.600000000000023,-28.900000000000034,-27.900000000000034,-29.400000000000034,-29.5,-27.900000000000034,-24.100000000000023,990.5,339.3
6,7,0,0.2,0.98,1,-25.399999999999977,-20.399999999999977,-14.399999999999977,-8.5,-3.2999999999999545,8.200000000000045,13.700000000000045,19.0,24.0,27.100000000000023,-29.69999999999999,-32.80000000000001,-33.19999999999999,-31.80000000000001,-29.19999999999999,-28.30000000000001,-29.80000000000001,-29.899999999999977,-28.30000000000001,-24.5,989.5,339.2
7,8,0,0.233,0.98,1,-25.399999999999977,-20.5,-14.399999999999977,-8.600000000000023,-3.3999999999999773,8.100000000000023,13.5,18.800000000000068,23.800000000000068,26.899999999999977,-29.5,-32.599999999999966,-33.0,-31.69999999999999,-29.099999999999966,-28.19999999999999,-29.69999999999999,-29.799999999999955,-28.19999999999999,-24.399999999999977,988.4,338.9
8,9,0,0.267,0.98,1,-25.799999999999955,-20.799999999999955,-14.699999999999932,-8.799999999999955,-3.6000000000000227,7.899999999999977,13.399999999999977,18.800000000000068,23.800000000000068,27.0,-29.5,-32.69999999999999,-33.099999999999966,-31.69999999999999,-29.099999999999966,-28.299999999999955,-29.799999999999955,-30.0,-28.399999999999977,-24.599999999999966,987.4,338.9
9,10,0,0.3,0.98,1,-25.899999999999977,-20.899999999999977,-14.799999999999955,-8.899999999999977,-3.6000000000000227,7.800000000000068,13.300000000000068,18.600000000000023,23.700000000000045,26.899999999999977,-29.19999999999999,-32.400000000000034,-32.900000000000034,-31.5,-28.900000000000034,-28.100000000000023,-29.69999999999999,-29.80000000000001,-28.30000000000001,-24.400000000000034,986.4,338.8
10,11,0,0.333,0.98,1,-25.899999999999977,-20.899999999999977,-14.799999999999955,-8.899999999999977,-3.6000000000000227,7.7999999999999545,13.299999999999955,18.700000000000045,23.700000000000045,26.899999999999977,-29.400000000000034,-32.5,-33.0,-31.600000000000023,-29.0,-28.100000000000023,-29.700000000000045,-29.900000000000034,-28.30000000000001,-24.600000000000023,985.5,339.1
11,12,0,0.367,0.98,1,-25.799999999999955,-20.799999999999955,-14.700000000000045,-8.799999999999955,-3.5,7.899999999999977,13.399999999999977,18.799999999999955,23.799999999999955,26.899999999999977,-29.5,-32.599999999999966,-33.0,-31.599999999999966,-28.899999999999977,-28.099999999999966,-29.599999999999966,-29.799999999999955,-28.299999999999955,-24.5,984.5,339.4
12,13,0,0.4,0.98,1,-25.800000000000068,-20.700000000000045,-14.600000000000023,-8.700000000000045,-3.3999999999999773,8.0,13.5,18.799999999999955,23.799999999999955,26.899999999999977,-29.600000000000023,-32.700000000000045,-33.10000000000002,-31.700000000000045,-29.0,-28.100000000000023,-29.700000000000045,-29.900000000000034,-28.30000000000001,-24.600000000000023,983.6,339.6
13,14,0,0.433,0.98,1,-26.09999999999991,-21.09999999999991,-14.899999999999977,-8.899999999999977,-3.599999999999909,7.800000000000068,13.300000000000068,18.700000000000045,23.700000000000045,26.800000000000068,-29.5,-32.599999999999966,-33.099999999999966,-31.69999999999999,-29.0,-28.19999999999999,-29.80000000000001,-29.899999999999977,-28.399999999999977,-24.599999999999966,982.8,339.7
14,15,0,0.467,0.98,1,-26.300000000000068,-21.300000000000068,-15.200000000000045,-9.200000000000045,-3.8999999999999773,7.600000000000023,13.0,18.299999999999955,23.299999999999955,26.399999999999977,-29.400000000000034,-32.5,-32.900000000000034,-31.600000000000023,-29.0,-28.30000000000001,-29.900000000000034,-30.100000000000023,-28.69999999999999,-25.0,981.6,339.8
15,16,0,0.5,0.98,1,-26.600000000000023,-21.600000000000023,-15.5,-9.5,-4.199999999999932,7.2000000000000455,12.700000000000045,18.0,23.0,26.200000000000045,-29.099999999999966,-32.19999999999999,-32.69999999999999,-31.5,-28.899999999999977,-28.399999999999977,-30.099999999999966,-30.399999999999977,-29.0,-25.399999999999977,980.4,339.7
16,17,0,0.533,0.98,1,-26.399999999999977,-21.5,-15.399999999999977,-9.5,-4.199999999999932,7.2000000000000455,12.600000000000023,17.90000000000009,23.0,26.200000000000045,-29.099999999999966,-32.19999999999999,-32.80000000000001,-31.5,-29.0,-28.5,-30.30000000000001,-30.69999999999999,-29.30000000000001,-25.69999999999999,978.8,339.7
17,18,0,0.567,0.98,1,-26.600000000000023,-21.600000000000023,-15.600000000000023,-9.600000000000023,-4.2999999999999545,7.100000000000023,12.600000000000023,17.899999999999977,22.899999999999977,26.200000000000045,-29.19999999999999,-32.30000000000001,-32.900000000000034,-31.69999999999999,-29.19999999999999,-28.80000000000001,-30.600000000000023,-31.0,-29.600000000000023,-26.0,977.4,339.8
18,19,0,0.6,0.98,1,-26.90000000000009,-22.0,-15.900000000000091,-10.0,-4.7000000000000455,6.7999999999999545,12.199999999999932,17.399999999999977,22.5,25.799999999999955,-28.900000000000034,-32.0,-32.60000000000002,-31.400000000000034,-29.0,-28.600000000000023,-30.400000000000034,-30.80000000000001,-29.600000000000023,-26.100000000000023,976.2,339.3
19,20,0,0.633,0.98,1,-27.100000000000023,-22.199999999999932,-16.100000000000023,-10.100000000000023,-4.7999999999999545,6.800000000000068,12.200000000000045,17.5,22.5,25.800000000000068,-28.600000000000023,-31.80000000000001,-32.5,-31.30000000000001,-28.900000000000034,-28.600000000000023,-30.400000000000034,-30.80000000000001,-29.600000000000023,-26.0,974.9,339.1
20,21,0,0.667,0.98,1,-27.5,-22.600000000000023,-16.40000000000009,-10.200000000000045,-4.7000000000000455,6.5,12.0,17.399999999999977,22.5,25.699999999999932,-28.399999999999977,-31.80000000000001,-32.5,-31.399999999999977,-29.0,-28.69999999999999,-30.600000000000023,-31.0,-29.600000000000023,-25.899999999999977,973.7,339.0
21,22,0,0.7,0.98,1,-28.0,-23.0,-16.800000000000068,-10.600000000000023,-5.100000000000023,6.199999999999932,11.699999999999932,17.100000000000023,22.199999999999932,25.399999999999977,-28.30000000000001,-31.69999999999999,-32.5,-31.400000000000034,-28.900000000000034,-28.80000000000001,-30.69999999999999,-31.100000000000023,-29.80000000000001,-26.100000000000023,972.6,338.8
22,23,0,0.733,0.98,1,-28.0,-23.100000000000023,-16.800000000000068,-10.700000000000045,-5.2000000000000455,6.199999999999932,11.600000000000023,17.0,22.100000000000023,25.299999999999955,-28.100000000000023,-31.5,-32.30000000000001,-31.200000000000045,-28.80000000000001,-28.600000000000023,-30.5,-31.0,-29.700000000000045,-26.100000000000023,971.1,338.6
23,24,0,0.767,0.98,1,-28.100000000000023,-23.199999999999932,-17.0,-10.799999999999955,-5.2999999999999545,6.0,11.399999999999977,16.800000000000068,21.899999999999977,25.200000000000045,-28.0,-31.400000000000034,-32.19999999999999,-31.19999999999999,-28.80000000000001,-28.69999999999999,-30.600000000000023,-31.100000000000023,-29.900000000000034,-26.19999999999999,969.4,338.3
24,25,0,0.8,0.98,1,-28.399999999999977,-23.5,-17.299999999999955,-11.199999999999932,-5.699999999999932,5.7000000000000455,11.100000000000023,16.40000000000009,21.5,24.90000000000009,-27.900000000000034,-31.30000000000001,-32.10000000000002,-31.100000000000023,-28.80000000000001,-28.900000000000034,-30.900000000000034,-31.400000000000034,-30.200000000000045,-26.700000000000045,967.8,338.1
25,26,0,0.833,0.98,1,-28.399999999999977,-23.5,-17.399999999999977,-11.199999999999932,-5.699999999999932,5.5,10.900000000000091,16.300000000000068,21.5,24.90000000000009,-27.5,-31.0,-31.899999999999977,-31.0,-28.69999999999999,-28.69999999999999,-30.69999999999999,-31.30000000000001,-30.099999999999966,-26.5,965.8,337.7
26,27,0,0.867,0.98,1,-28.699999999999932,-23.799999999999955,-17.59999999999991,-11.5,-5.899999999999977,5.5,11.0,16.300000000000068,21.5,24.90000000000009,-27.30000000000001,-30.899999999999977,-31.80000000000001,-31.0,-28.69999999999999,-28.899999999999977,-30.899999999999977,-31.5,-30.30000000000001,-26.600000000000023,963.8,337.5
27,28,0,0.9,0.98,1,-28.799999999999955,-23.899999999999977,-17.799999999999955,-11.600000000000023,-6.100000000000023,5.399999999999977,10.899999999999977,16.300000000000068,21.5,25.0,-27.399999999999977,-31.0,-31.899999999999977,-31.0,-28.799999999999955,-28.899999999999977,-31.0,-31.599999999999966,-30.399999999999977,-26.799999999999955,961.4,337.4
28,29,0,0.933,0.98,1,-28.799999999999955,-23.899999999999977,-17.799999999999955,-11.600000000000023,-6.100000000000023,5.2999999999999545,10.700000000000045,16.100000000000023,21.299999999999955,24.700000000000045,-27.30000000000001,-30.80000000000001,-31.80000000000001,-30.900000000000034,-28.69999999999999,-28.900000000000034,-30.900000000000034,-31.5,-30.400000000000034,-26.80000000000001,959.0,337.3
29,30,0,0.967,0.98,1,-29.09999999999991,-24.399999999999977,-18.299999999999955,-12.099999999999909,-6.599999999999909,4.800000000000068,10.200000000000045,15.600000000000023,20.800000000000068,24.40000000000009,-26.69999999999999,-30.400000000000034,-31.400000000000034,-30.600000000000023,-28.400000000000034,-28.80000000000001,-31.0,-31.69999999999999,-30.69999999999999,-27.19999999999999,956.3,337.3
30,31,0,1.0,0.98,1,-29.600000000000023,-24.899999999999977,-18.699999999999932,-12.600000000000023,-7.0,4.5,9.899999999999977,15.300000000000068,20.600000000000023,24.200000000000045,-26.5,-30.099999999999966,-31.19999999999999,-30.5,-28.5,-29.0,-31.30000000000001,-32.099999999999966,-31.19999999999999,-27.80000000000001,953.4,337.7
31,32,0,1.033,0.98,1,-29.59999999999991,-24.899999999999977,-18.899999999999977,-12.799999999999955,-7.199999999999932,4.400000000000091,9.800000000000068,15.200000000000045,20.5,24.200000000000045,-26.399999999999977,-30.099999999999966,-31.19999999999999,-30.5,-28.599999999999966,-29.19999999999999,-31.399999999999977,-32.299999999999955,-31.399999999999977,-28.0,950.3,337.9
32,33,0,1.067,0.98,1,-29.5,-24.799999999999955,-18.700000000000045,-12.600000000000023,-7.0,4.600000000000023,10.0,15.299999999999955,20.600000000000023,24.200000000000045,-26.69999999999999,-30.399999999999977,-31.5,-30.69999999999999,-28.69999999999999,-29.30000000000001,-31.5,-32.39999999999998,-31.600000000000023,-28.19999999999999,947.5,338.5
33,34,0,1.1,0.98,1,-29.399999999999977,-24.799999999999955,-18.700000000000045,-12.5,-6.899999999999977,4.600000000000023,10.0,15.299999999999955,20.600000000000023,24.200000000000045,-26.80000000000001,-30.5,-31.5,-30.80000000000001,-28.69999999999999,-29.19999999999999,-31.5,-32.30000000000001,-31.5,-28.19999999999999,945.0,339.0
34,35,0,1.133,0.98,1,-29.300000000000068,-24.5,-18.300000000000068,-12.100000000000023,-6.5,4.7999999999999545,10.199999999999932,15.599999999999909,20.799999999999955,24.299999999999955,-27.399999999999977,-30.899999999999977,-31.899999999999977,-31.0,-28.799999999999955,-29.099999999999966,-31.299999999999955,-32.19999999999999,-31.299999999999955,-28.0,942.7,339.9
35,36,0,1.167,0.98,1,-29.09999999999991,-24.199999999999932,-18.0,-11.899999999999977,-6.199999999999932,5.400000000000091,10.800000000000068,16.100000000000023,21.100000000000023,24.40000000000009,-27.900000000000034,-31.30000000000001,-32.19999999999999,-31.19999999999999,-28.900000000000034,-29.100000000000023,-31.19999999999999,-31.900000000000034,-31.0,-27.600000000000023,940.8,341.3
36,37,0,1.2,0.98,1,-28.899999999999977,-23.899999999999977,-17.59999999999991,-11.299999999999955,-5.599999999999909,6.2000000000000455,11.600000000000023,16.800000000000068,21.700000000000045,24.800000000000068,-28.30000000000001,-31.69999999999999,-32.5,-31.399999999999977,-28.899999999999977,-29.0,-31.0,-31.69999999999999,-30.600000000000023,-27.30000000000001,939.8,343.0
37,38,0,1.233,0.98,1,-28.600000000000023,-23.600000000000023,-17.300000000000068,-11.0,-5.300000000000068,6.5,11.799999999999955,16.799999999999955,21.5,24.299999999999955,-28.399999999999977,-31.600000000000023,-32.39999999999998,-31.30000000000001,-28.80000000000001,-28.80000000000001,-31.0,-31.69999999999999,-30.600000000000023,-27.30000000000001,939.6,345.0
38,39,0,1.267,0.98,1,-28.899999999999977,-23.600000000000023,-17.200000000000045,-10.799999999999955,-5.0,5.899999999999977,10.899999999999977,15.700000000000045,20.200000000000045,22.899999999999977,-28.099999999999966,-31.299999999999955,-32.0,-30.899999999999977,-28.299999999999955,-28.599999999999966,-30.799999999999955,-31.69999999999999,-31.0,-28.0,941.0,347.4
39,40,0,1.3,0.98,1,-29.0,-23.5,-17.199999999999932,-10.899999999999977,-5.2999999999999545,5.300000000000068,10.0,14.399999999999977,18.700000000000045,21.300000000000068,-27.700000000000045,-30.700000000000045,-31.600000000000023,-30.5,-28.100000000000023,-28.700000000000045,-31.100000000000023,-32.200000000000045,-32.0,-29.400000000000034,942.4,349.6
40,41,0,1.333,0.98,1,-29.299999999999955,-23.699999999999932,-17.399999999999977,-11.100000000000023,-5.399999999999977,5.100000000000023,9.600000000000023,13.800000000000068,17.899999999999977,20.200000000000045,-27.400000000000034,-30.400000000000034,-31.30000000000001,-30.30000000000001,-28.0,-29.0,-31.5,-32.80000000000001,-32.700000000000045,-30.30000000000001,943.4,351.6
41,42,0,1.367,0.98,1,-29.600000000000023,-24.0,-17.600000000000023,-11.200000000000045,-5.400000000000091,4.7999999999999545,9.199999999999932,13.399999999999977,17.299999999999955,19.299999999999955,-27.30000000000001,-30.400000000000034,-31.400000000000034,-30.400000000000034,-28.100000000000023,-29.200000000000045,-31.900000000000034,-33.30000000000001,-33.200000000000045,-30.80000000000001,944.2,353.6
42,43,0,1.4,0.98,1,-29.100000000000023,-23.399999999999977,-17.100000000000023,-10.800000000000068,-5.2000000000000455,4.899999999999977,9.100000000000023,13.100000000000023,16.799999999999955,18.699999999999932,-27.19999999999999,-30.19999999999999,-31.100000000000023,-30.19999999999999,-28.0,-29.19999999999999,-31.900000000000034,-33.30000000000001,-33.30000000000001,-31.100000000000023,944.6,354.8
43,44,0,1.433,0.98,1,-28.899999999999977,-23.200000000000045,-16.899999999999977,-10.600000000000023,-5.100000000000023,4.899999999999977,9.0,12.899999999999977,16.399999999999977,18.299999999999955,-27.099999999999966,-30.0,-31.0,-30.0,-27.899999999999977,-29.099999999999966,-31.80000000000001,-33.19999999999999,-33.30000000000001,-31.099999999999966,944.6,355.7
44,45,0,1.467,0.98,1,-29.0,-23.299999999999955,-17.0,-10.799999999999955,-5.2000000000000455,4.899999999999977,9.0,12.799999999999955,16.399999999999977,18.200000000000045,-27.0,-30.0,-30.899999999999977,-30.099999999999966,-28.0,-29.19999999999999,-31.899999999999977,-33.30000000000001,-33.39999999999998,-31.19999999999999,944.5,356.2
45,46,0,1.5,0.98,1,-29.300000000000068,-23.5,-17.300000000000068,-11.100000000000023,-5.5,4.7999999999999545,8.799999999999955,12.599999999999909,16.09999999999991,17.899999999999977,-27.0,-30.0,-31.0,-30.19999999999999,-28.19999999999999,-29.5,-32.19999999999999,-33.69999999999999,-33.80000000000001,-31.600000000000023,944.7,356.5
46,47,0,1.533,0.98,1,-29.399999999999977,-23.699999999999932,-17.399999999999977,-11.199999999999932,-5.599999999999909,4.7000000000000455,8.700000000000045,12.5,16.0,17.800000000000068,-27.099999999999966,-30.099999999999966,-31.099999999999966,-30.299999999999955,-28.299999999999955,-29.599999999999966,-32.299999999999955,-33.69999999999999,-33.69999999999999,-31.5,944.8,356.4
47,48,0,1.567,0.98,1,-29.600000000000023,-23.800000000000068,-17.5,-11.300000000000068,-5.7000000000000455,4.699999999999932,8.699999999999932,12.399999999999977,15.799999999999955,17.5,-27.19999999999999,-30.30000000000001,-31.30000000000001,-30.5,-28.5,-29.899999999999977,-32.599999999999966,-34.0,-34.0,-31.80000000000001,945.2,356.2
48,49,0,1.6,0.98,1,-30.0,-24.199999999999932,-17.899999999999977,-11.5,-5.899999999999977,4.300000000000068,8.200000000000045,11.899999999999977,15.300000000000068,16.899999999999977,-27.19999999999999,-30.399999999999977,-31.399999999999977,-30.599999999999966,-28.599999999999966,-29.799999999999955,-32.5,-34.0,-33.89999999999998,-31.5,945.9,355.9
49,50,0,1.633,0.98,1,-29.899999999999977,-24.100000000000023,-17.799999999999955,-11.399999999999977,-5.899999999999977,4.300000000000068,8.100000000000023,11.700000000000045,15.100000000000023,16.700000000000045,-27.400000000000034,-30.600000000000023,-31.600000000000023,-30.80000000000001,-28.600000000000023,-29.80000000000001,-32.5,-33.80000000000001,-33.69999999999999,-31.19999999999999,946.4,355.3
50,51,0,1.667,0.98,1,-29.699999999999932,-23.899999999999977,-17.59999999999991,-11.299999999999955,-5.7999999999999545,4.300000000000068,8.100000000000023,11.700000000000045,15.0,16.5,-27.69999999999999,-31.0,-32.0,-31.100000000000023,-28.899999999999977,-29.80000000000001,-32.39999999999998,-33.60000000000002,-33.30000000000001,-30.69999999999999,946.8,354.5
51,52,0,1.7,0.98,1,-29.5,-23.799999999999955,-17.5,-11.299999999999955,-5.7999999999999545,4.399999999999977,8.200000000000045,11.800000000000068,15.0,16.5,-28.100000000000023,-31.30000000000001,-32.30000000000001,-31.400000000000034,-29.100000000000023,-29.900000000000034,-32.400000000000034,-33.5,-33.10000000000002,-30.5,946.9,353.3
52,53,0,1.733,0.98,1,-29.200000000000045,-23.40000000000009,-17.200000000000045,-11.0,-5.600000000000023,4.5,8.199999999999932,11.699999999999932,14.899999999999977,16.299999999999955,-28.400000000000034,-31.600000000000023,-32.60000000000002,-31.600000000000023,-29.30000000000001,-30.0,-32.30000000000001,-33.30000000000001,-32.900000000000034,-30.200000000000045,947.2,352.1
53,54,0,1.767,0.98,1,-28.899999999999977,-23.199999999999932,-16.899999999999977,-10.699999999999932,-5.2999999999999545,4.800000000000068,8.5,12.0,15.100000000000023,16.40000000000009,-28.700000000000045,-32.0,-33.0,-32.0,-29.600000000000023,-30.100000000000023,-32.400000000000034,-33.30000000000001,-32.80000000000001,-29.900000000000034,947.3,350.6
54,55,0,1.8,0.98,1,-29.299999999999955,-23.5,-17.100000000000023,-10.700000000000045,-5.100000000000023,5.2000000000000455,9.100000000000023,12.799999999999955,15.899999999999977,17.0,-28.80000000000001,-32.19999999999999,-33.19999999999999,-32.10000000000002,-29.69999999999999,-30.0,-32.19999999999999,-33.0,-32.19999999999999,-29.100000000000023,947.5,349.0
55,56,0,1.833,0.98,1,-29.300000000000068,-23.5,-17.0,-10.5,-4.800000000000068,5.2999999999999545,9.299999999999955,13.0,16.299999999999955,17.399999999999977,-29.0,-32.39999999999998,-33.39999999999998,-32.299999999999955,-29.69999999999999,-29.69999999999999,-31.69999999999999,-32.39999999999998,-31.399999999999977,-28.099999999999966,947.7,347.4
56,57,0,1.867,0.98,1,-28.699999999999932,-23.0,-16.5,-10.199999999999932,-4.699999999999932,5.5,9.400000000000091,13.200000000000045,16.5,17.700000000000045,-29.19999999999999,-32.5,-33.39999999999998,-32.19999999999999,-29.5,-29.19999999999999,-31.099999999999966,-31.599999999999966,-30.5,-27.19999999999999,947.8,345.7
57,58,0,1.9,0.98,1,-28.200000000000045,-22.40000000000009,-15.900000000000091,-9.600000000000023,-4.100000000000023,5.599999999999909,9.699999999999932,13.599999999999909,17.0,18.299999999999955,-29.400000000000034,-32.700000000000045,-33.5,-32.200000000000045,-29.30000000000001,-28.700000000000045,-30.5,-30.80000000000001,-29.600000000000023,-26.100000000000023,947.7,344.1
58,59,0,1.933,0.98,1,-27.699999999999932,-21.899999999999977,-15.5,-9.299999999999955,-4.0,5.7000000000000455,9.700000000000045,13.5,16.90000000000009,18.40000000000009,-29.80000000000001,-32.900000000000034,-33.5,-32.0,-29.100000000000023,-28.30000000000001,-29.900000000000034,-30.19999999999999,-29.100000000000023,-25.69999999999999,947.8,342.8
59,60,0,1.967,0.98,1,-27.100000000000023,-21.300000000000068,-15.0,-8.899999999999977,-3.7000000000000455,6.100000000000023,10.100000000000023,13.899999999999977,17.299999999999955,18.899999999999977,-30.0,-33.0,-33.5,-31.899999999999977,-28.899999999999977,-27.899999999999977,-29.399999999999977,-29.599999999999966,-28.399999999999977,-24.899999999999977,947.6,341.9
60,61,0,2.0,0.98,1,-26.699999999999932,-20.899999999999977,-14.5,-8.5,-3.2999999999999545,6.2000000000000455,10.300000000000068,14.100000000000023,17.5,19.100000000000023,-29.80000000000001,-32.89999999999998,-33.30000000000001,-31.69999999999999,-28.5,-27.30000000000001,-28.600000000000023,-28.600000000000023,-27.19999999999999,-23.600000000000023,947.4,341.0
61,62,0,2.033,0.98,1,-26.399999999999977,-20.700000000000045,-14.300000000000068,-8.200000000000045,-3.0,6.600000000000023,10.600000000000023,14.5,17.899999999999977,19.299999999999955,-30.100000000000023,-33.0,-33.5,-31.700000000000045,-28.400000000000034,-26.900000000000034,-28.100000000000023,-28.0,-26.5,-22.80000000000001,947.1,340.6
62,63,0,2.067,0.98,1,-26.300000000000068,-20.5,-14.0,-7.800000000000068,-2.6000000000000227,6.7999999999999545,10.799999999999955,14.599999999999909,17.899999999999977,19.199999999999932,-30.30000000000001,-33.39999999999998,-33.80000000000001,-32.0,-28.5,-26.69999999999999,-27.69999999999999,-27.399999999999977,-25.69999999999999,-21.80000000000001,946.7,340.5
63,64,0,2.1,0.98,1,-26.09999999999991,-20.299999999999955,-13.799999999999955,-7.599999999999909,-2.3999999999999773,6.900000000000091,10.800000000000068,14.5,17.700000000000045,18.90000000000009,-30.400000000000034,-33.400000000000034,-33.80000000000001,-31.80000000000001,-28.30000000000001,-26.30000000000001,-27.19999999999999,-26.900000000000034,-25.0,-21.100000000000023,946.3,340.3
64,65,0,2.133,0.98,1,-26.199999999999932,-20.399999999999977,-13.899999999999977,-7.7999999999999545,-2.699999999999932,6.600000000000023,10.600000000000023,14.300000000000068,17.40000000000009,18.600000000000023,-30.399999999999977,-33.39999999999998,-33.69999999999999,-31.69999999999999,-28.19999999999999,-26.099999999999966,-27.0,-26.599999999999966,-24.69999999999999,-20.799999999999955,945.8,340.4
65,66,0,2.167,0.98,1,-26.399999999999977,-20.600000000000023,-14.199999999999932,-8.0,-2.8999999999999773,6.399999999999977,10.300000000000068,14.0,17.200000000000045,18.399999999999977,-30.0,-33.0,-33.299999999999955,-31.399999999999977,-27.899999999999977,-25.799999999999955,-26.599999999999966,-26.19999999999999,-24.19999999999999,-20.299999999999955,944.9,340.4
66,67,0,2.2,0.98,1,-26.800000000000068,-21.100000000000023,-14.600000000000023,-8.400000000000091,-3.300000000000068,5.899999999999977,9.899999999999977,13.599999999999909,16.899999999999977,18.09999999999991,-29.600000000000023,-32.700000000000045,-33.10000000000002,-31.30000000000001,-27.900000000000034,-26.0,-26.900000000000034,-26.5,-24.5,-20.5,943.7,341.1
67,68,0,2.233,0.98,1,-27.399999999999977,-21.699999999999932,-15.299999999999955,-9.100000000000023,-3.8999999999999773,5.600000000000023,9.600000000000023,13.399999999999977,16.700000000000045,18.100000000000023,-29.30000000000001,-32.5,-33.0,-31.30000000000001,-28.0,-26.19999999999999,-27.19999999999999,-26.80000000000001,-25.0,-21.0,942.4,342.0
68,69,0,2.267,0.98,1,-27.800000000000068,-22.200000000000045,-15.800000000000068,-9.600000000000023,-4.300000000000068,5.100000000000023,9.100000000000023,12.899999999999977,16.299999999999955,17.899999999999977,-28.799999999999955,-32.099999999999966,-32.69999999999999,-31.19999999999999,-28.0,-26.5,-27.69999999999999,-27.599999999999966,-25.899999999999977,-22.0,941.1,343.4
69,70,0,2.3,0.98,1,-28.5,-22.90000000000009,-16.5,-10.200000000000045,-4.900000000000091,4.599999999999909,8.699999999999932,12.5,16.0,17.699999999999932,-28.100000000000023,-31.5,-32.19999999999999,-30.80000000000001,-27.80000000000001,-26.600000000000023,-28.0,-27.899999999999977,-26.30000000000001,-22.5,940.2,344.5
70,71,0,2.333,0.98,1,-29.0,-23.5,-17.0,-10.5,-5.0,4.600000000000023,8.600000000000023,12.600000000000023,16.100000000000023,17.800000000000068,-27.69999999999999,-31.19999999999999,-32.10000000000002,-30.80000000000001,-27.80000000000001,-26.80000000000001,-28.19999999999999,-28.19999999999999,-26.5,-22.69999999999999,939.9,345.5
71,72,0,2.367,0.98,1,-29.100000000000023,-23.5,-16.90000000000009,-10.400000000000091,-4.900000000000091,4.599999999999909,8.699999999999932,12.599999999999909,16.09999999999991,17.799999999999955,-27.5,-31.100000000000023,-32.0,-30.80000000000001,-27.80000000000001,-26.900000000000034,-28.5,-28.5,-27.0,-23.100000000000023,939.7,346.3
72,73,0,2.4,0.98,1,-28.899999999999977,-23.399999999999977,-16.899999999999977,-10.5,-5.0,4.5,8.5,12.400000000000091,15.900000000000091,17.600000000000023,-27.900000000000034,-31.400000000000034,-32.30000000000001,-30.900000000000034,-27.900000000000034,-27.0,-28.400000000000034,-28.5,-27.0,-23.30000000000001,939.8,346.8
73,74,0,2.433,0.98,1,-28.899999999999977,-23.300000000000068,-16.800000000000068,-10.300000000000068,-4.899999999999977,4.5,8.5,12.399999999999977,15.799999999999955,17.399999999999977,-27.899999999999977,-31.399999999999977,-32.30000000000001,-31.0,-28.0,-27.0,-28.5,-28.5,-27.0,-23.19999999999999,940.1,347.0
74,75,0,2.467,0.98,1,-28.600000000000023,-23.100000000000023,-16.600000000000023,-10.299999999999955,-4.899999999999977,4.600000000000023,8.600000000000023,12.300000000000068,15.700000000000045,17.200000000000045,-28.100000000000023,-31.600000000000023,-32.5,-31.100000000000023,-28.200000000000045,-27.200000000000045,-28.600000000000023,-28.700000000000045,-27.200000000000045,-23.400000000000034,940.4,347.1
75,76,0,2.5,0.98,1,-28.800000000000068,-23.300000000000068,-16.800000000000068,-10.5,-5.100000000000023,4.2999999999999545,8.299999999999955,12.099999999999909,15.399999999999977,17.0,-27.900000000000034,-31.400000000000034,-32.30000000000001,-31.0,-28.100000000000023,-27.19999999999999,-28.69999999999999,-28.80000000000001,-27.30000000000001,-23.600000000000023,940.7,346.8
76,77,0,2.533,0.98,1,-28.899999999999977,-23.399999999999977,-16.899999999999977,-10.5,-5.100000000000023,4.2999999999999545,8.199999999999932,12.100000000000023,15.5,17.0,-27.900000000000034,-31.400000000000034,-32.30000000000001,-31.0,-28.100000000000023,-27.200000000000045,-28.80000000000001,-28.900000000000034,-27.400000000000034,-23.700000000000045,940.6,346.6
77,78,0,2.567,0.98,1,-29.100000000000023,-23.5,-17.100000000000023,-10.700000000000045,-5.2000000000000455,4.2000000000000455,8.200000000000045,12.100000000000023,15.5,17.100000000000023,-27.799999999999955,-31.299999999999955,-32.19999999999999,-30.899999999999977,-28.0,-27.099999999999966,-28.599999999999966,-28.69999999999999,-27.19999999999999,-23.5,940.5,346.4
78,79,0,2.6,0.98,1,-29.299999999999955,-23.699999999999932,-17.199999999999932,-10.799999999999955,-5.199999999999932,4.2000000000000455,8.200000000000045,12.100000000000023,15.600000000000023,17.300000000000068,-27.69999999999999,-31.30000000000001,-32.19999999999999,-30.899999999999977,-28.0,-27.19999999999999,-28.80000000000001,-28.899999999999977,-27.399999999999977,-23.600000000000023,940.3,346.5
79,80,0,2.633,0.98,1,-29.0,-23.5,-17.0,-10.600000000000023,-5.2000000000000455,4.199999999999932,8.199999999999932,12.199999999999932,15.699999999999932,17.399999999999977,-27.700000000000045,-31.30000000000001,-32.200000000000045,-30.900000000000034,-28.0,-27.200000000000045,-28.80000000000001,-29.0,-27.5,-23.80000000000001,940.1,346.6
80,81,0,2.667,0.98,1,-29.100000000000023,-23.600000000000023,-17.100000000000023,-10.700000000000045,-5.2000000000000455,4.199999999999932,8.299999999999955,12.199999999999932,15.699999999999932,17.399999999999977,-27.80000000000001,-31.30000000000001,-32.30000000000001,-31.0,-28.100000000000023,-27.30000000000001,-28.899999999999977,-29.100000000000023,-27.600000000000023,-23.899999999999977,940.1,347.0
81,82,0,2.7,0.98,1,-29.0,-23.600000000000023,-17.100000000000023,-10.800000000000068,-5.399999999999977,4.100000000000023,8.100000000000023,12.0,15.5,17.199999999999932,-27.700000000000045,-31.200000000000045,-32.200000000000045,-30.900000000000034,-28.0,-27.200000000000045,-28.80000000000001,-29.0,-27.600000000000023,-23.80000000000001,940.1,347.1
82,83,0,2.733,0.98,1,-29.0,-23.40000000000009,-17.0,-10.700000000000045,-5.300000000000068,4.2999999999999545,8.399999999999977,12.299999999999955,15.899999999999977,17.59999999999991,-27.899999999999977,-31.299999999999955,-32.299999999999955,-31.0,-28.19999999999999,-27.399999999999977,-29.0,-29.19999999999999,-27.799999999999955,-24.099999999999966,940.2,347.4
83,84,0,2.767,0.98,1,-28.899999999999977,-23.399999999999977,-17.0,-10.700000000000045,-5.2999999999999545,4.2999999999999545,8.399999999999977,12.299999999999955,15.799999999999955,17.600000000000023,-27.600000000000023,-31.100000000000023,-32.0,-30.80000000000001,-28.0,-27.30000000000001,-28.900000000000034,-29.100000000000023,-27.69999999999999,-24.0,940.5,347.3
84,85,0,2.8,0.98,1,-28.799999999999955,-23.299999999999955,-16.899999999999977,-10.600000000000023,-5.199999999999932,4.5,8.5,12.5,16.100000000000023,17.899999999999977,-27.69999999999999,-31.19999999999999,-32.099999999999966,-30.899999999999977,-28.099999999999966,-27.399999999999977,-29.0,-29.30000000000001,-27.899999999999977,-24.30000000000001,940.9,347.2
85,86,0,2.833,0.98,1,-28.700000000000045,-23.200000000000045,-16.800000000000068,-10.5,-5.0,4.399999999999977,8.399999999999977,12.299999999999955,15.899999999999977,17.59999999999991,-27.5,-31.0,-31.900000000000034,-30.69999999999999,-27.900000000000034,-27.19999999999999,-28.900000000000034,-29.100000000000023,-27.69999999999999,-24.0,941.7,346.8
86,87,0,2.867,0.98,1,-29.0,-23.399999999999977,-17.0,-10.600000000000023,-5.100000000000023,4.600000000000023,8.700000000000045,12.700000000000045,16.200000000000045,17.899999999999977,-27.899999999999977,-31.399999999999977,-32.299999999999955,-31.099999999999966,-28.19999999999999,-27.5,-29.19999999999999,-29.399999999999977,-28.0,-24.299999999999955,942.5,346.9
87,88,0,2.9,0.98,1,-28.800000000000068,-23.200000000000045,-16.800000000000068,-10.5,-5.0,4.599999999999909,8.699999999999932,12.599999999999909,16.09999999999991,17.799999999999955,-28.100000000000023,-31.5,-32.39999999999998,-31.19999999999999,-28.30000000000001,-27.600000000000023,-29.19999999999999,-29.5,-28.100000000000023,-24.5,943.2,347.0
88,89,0,2.933,0.98,1,-28.5,-23.0,-16.59999999999991,-10.399999999999977,-5.0,4.7000000000000455,8.700000000000045,12.5,15.900000000000091,17.5,-28.299999999999955,-31.69999999999999,-32.5,-31.19999999999999,-28.299999999999955,-27.599999999999966,-29.299999999999955,-29.5,-28.19999999999999,-24.69999999999999,943.8,347.4
89,90,0,2.967,0.98,1,-28.600000000000023,-23.0,-16.600000000000023,-10.300000000000068,-4.900000000000091,4.7999999999999545,8.799999999999955,12.599999999999909,16.0,17.59999999999991,-28.299999999999955,-31.599999999999966,-32.5,-31.19999999999999,-28.299999999999955,-27.5,-29.19999999999999,-29.5,-28.19999999999999,-24.69999999999999,944.2,347.9
90,91,0,3.0,0.98,1,-28.59999999999991,-23.0,-16.59999999999991,-10.299999999999955,-5.0,5.0,8.900000000000091,12.800000000000068,16.200000000000045,17.800000000000068,-28.5,-31.899999999999977,-32.69999999999999,-31.399999999999977,-28.5,-27.799999999999955,-29.5,-29.799999999999955,-28.5,-25.0,944.3,348.4
91,92,0,3.033,0.98,1,-28.59999999999991,-23.09999999999991,-16.699999999999932,-10.399999999999977,-5.0,5.0,9.0,12.900000000000091,16.300000000000068,17.90000000000009,-28.5,-31.80000000000001,-32.599999999999966,-31.30000000000001,-28.399999999999977,-27.80000000000001,-29.5,-29.899999999999977,-28.599999999999966,-25.099999999999966,944.3,348.7
92,93,0,3.067,0.98,1,-28.899999999999977,-23.299999999999955,-16.899999999999977,-10.599999999999909,-5.199999999999932,5.100000000000023,9.100000000000023,13.0,16.5,18.200000000000045,-28.399999999999977,-31.80000000000001,-32.60000000000002,-31.30000000000001,-28.399999999999977,-27.80000000000001,-29.5,-29.899999999999977,-28.600000000000023,-25.19999999999999,944.3,349.0
93,94,0,3.1,0.98,1,-29.0,-23.5,-17.0,-10.700000000000045,-5.2000000000000455,5.100000000000023,9.199999999999932,13.100000000000023,16.699999999999932,18.399999999999977,-28.30000000000001,-31.69999999999999,-32.60000000000002,-31.30000000000001,-28.5,-28.0,-29.69999999999999,-30.100000000000023,-28.900000000000034,-25.400000000000034,944.1,349.3
94,95,0,3.133,0.98,1,-29.0,-23.40000000000009,-17.0,-10.700000000000045,-5.300000000000068,5.199999999999932,9.299999999999955,13.399999999999977,17.0,18.799999999999955,-28.30000000000001,-31.69999999999999,-32.599999999999966,-31.30000000000001,-28.599999999999966,-28.099999999999966,-29.899999999999977,-30.30000000000001,-29.099999999999966,-25.599999999999966,943.7,349.7
95,96,0,3.167,0.98,1,-29.199999999999932,-23.699999999999932,-17.299999999999955,-10.899999999999977,-5.5,4.899999999999977,9.100000000000023,13.100000000000023,16.800000000000068,18.600000000000023,-28.200000000000045,-31.600000000000023,-32.5,-31.30000000000001,-28.5,-28.100000000000023,-30.0,-30.400000000000034,-29.200000000000045,-25.700000000000045,943.4,350.1
96,97,0,3.2,0.98,1,-29.299999999999955,-23.899999999999977,-17.399999999999977,-11.0,-5.399999999999977,4.7999999999999545,8.899999999999977,13.0,16.600000000000023,18.299999999999955,-27.899999999999977,-31.5,-32.39999999999998,-31.299999999999955,-28.5,-28.0,-29.69999999999999,-30.099999999999966,-28.69999999999999,-25.099999999999966,943.0,350.4
97,98,0,3.233,0.98,1,-29.200000000000045,-23.700000000000045,-17.200000000000045,-10.800000000000068,-5.300000000000068,4.899999999999977,9.100000000000023,13.199999999999932,16.899999999999977,18.600000000000023,-28.0,-31.5,-32.5,-31.30000000000001,-28.5,-28.0,-29.80000000000001,-30.100000000000023,-28.80000000000001,-25.19999999999999,942.6,351.0
98,99,0,3.267,0.98,1,-29.0,-23.600000000000023,-17.100000000000023,-10.799999999999955,-5.2000000000000455,5.2000000000000455,9.5,13.600000000000023,17.299999999999955,19.100000000000023,-28.200000000000045,-31.700000000000045,-32.60000000000002,-31.5,-28.700000000000045,-28.200000000000045,-30.0,-30.30000000000001,-29.0,-25.400000000000034,942.0,351.6
99,100,0,3.3,0.98,1,-28.5,-23.0,-16.700000000000045,-10.399999999999977,-4.899999999999977,5.5,9.799999999999955,13.899999999999977,17.600000000000023,19.399999999999977,-28.600000000000023,-32.0,-32.900000000000034,-31.600000000000023,-28.69999999999999,-28.100000000000023,-29.900000000000034,-30.19999999999999,-28.900000000000034,-25.30000000000001,941.5,352.3
100,101,0,3.333,0.98,1,-28.299999999999955,-22.899999999999977,-16.5,-10.199999999999932,-4.7999999999999545,5.800000000000068,10.100000000000023,14.300000000000068,18.0,19.800000000000068,-28.69999999999999,-32.0,-32.900000000000034,-31.600000000000023,-28.69999999999999,-28.100000000000023,-29.80000000000001,-30.100000000000023,-28.69999999999999,-25.19999999999999,940.9,352.8
101,102,0,3.367,0.98,1,-28.299999999999955,-22.799999999999955,-16.399999999999977,-10.099999999999909,-4.699999999999932,5.900000000000091,10.300000000000068,14.5,18.300000000000068,20.200000000000045,-28.799999999999955,-32.099999999999966,-32.89999999999998,-31.599999999999966,-28.69999999999999,-28.0,-29.799999999999955,-30.099999999999966,-28.799999999999955,-25.19999999999999,940.3,353.4
102,103,0,3.4,0.98,1,-28.299999999999955,-22.799999999999955,-16.399999999999977,-10.199999999999932,-4.7999999999999545,5.899999999999977,10.200000000000045,14.5,18.300000000000068,20.200000000000045,-28.69999999999999,-32.0,-32.69999999999999,-31.399999999999977,-28.600000000000023,-27.899999999999977,-29.69999999999999,-30.0,-28.69999999999999,-25.100000000000023,939.9,353.5
103,104,0,3.433,0.98,1,-28.399999999999977,-22.899999999999977,-16.5,-10.100000000000023,-4.7000000000000455,5.7000000000000455,10.100000000000023,14.5,18.299999999999955,20.200000000000045,-28.5,-31.80000000000001,-32.60000000000002,-31.30000000000001,-28.400000000000034,-27.900000000000034,-29.700000000000045,-30.0,-28.700000000000045,-25.100000000000023,939.5,353.6
104,105,0,3.467,0.98,1,-28.199999999999932,-22.699999999999932,-16.299999999999955,-10.0,-4.599999999999909,5.800000000000068,10.200000000000045,14.400000000000091,18.300000000000068,20.100000000000023,-28.599999999999966,-31.899999999999977,-32.69999999999999,-31.399999999999977,-28.5,-27.899999999999977,-29.69999999999999,-30.099999999999966,-28.80000000000001,-25.19999999999999,939.3,353.7
105,106,0,3.5,0.98,1,-28.399999999999977,-22.899999999999977,-16.5,-10.200000000000045,-4.7000000000000455,5.600000000000023,10.100000000000023,14.399999999999977,18.199999999999932,20.100000000000023,-28.599999999999966,-31.899999999999977,-32.599999999999966,-31.30000000000001,-28.5,-27.899999999999977,-29.69999999999999,-30.0,-28.69999999999999,-25.19999999999999,939.1,353.7
106,107,0,3.533,0.98,1,-28.399999999999977,-22.899999999999977,-16.399999999999977,-10.099999999999909,-4.599999999999909,5.800000000000068,10.200000000000045,14.600000000000023,18.40000000000009,20.40000000000009,-28.599999999999966,-31.899999999999977,-32.599999999999966,-31.30000000000001,-28.5,-27.899999999999977,-29.69999999999999,-30.0,-28.80000000000001,-25.19999999999999,938.8,353.7
107,108,0,3.567,0.98,1,-28.600000000000023,-23.0,-16.600000000000023,-10.200000000000045,-4.7000000000000455,5.600000000000023,10.100000000000023,14.5,18.399999999999977,20.299999999999955,-28.5,-31.80000000000001,-32.599999999999966,-31.30000000000001,-28.5,-28.0,-29.80000000000001,-30.099999999999966,-28.80000000000001,-25.099999999999966,938.5,353.2
108,109,0,3.6,0.98,1,-28.700000000000045,-23.200000000000045,-16.700000000000045,-10.399999999999977,-4.899999999999977,5.600000000000023,10.0,14.399999999999977,18.299999999999955,20.199999999999932,-28.600000000000023,-31.900000000000034,-32.69999999999999,-31.400000000000034,-28.600000000000023,-28.0,-29.69999999999999,-30.0,-28.69999999999999,-25.100000000000023,938.1,352.8
109,110,0,3.633,0.98,1,-28.90000000000009,-23.40000000000009,-16.90000000000009,-10.600000000000023,-5.100000000000023,5.399999999999977,9.899999999999977,14.299999999999955,18.299999999999955,20.199999999999932,-28.399999999999977,-31.80000000000001,-32.599999999999966,-31.30000000000001,-28.5,-27.899999999999977,-29.69999999999999,-30.0,-28.599999999999966,-25.0,937.7,352.2
110,111,0,3.667,0.98,1,-29.0,-23.399999999999977,-17.0,-10.699999999999932,-5.199999999999932,5.5,10.0,14.300000000000068,18.300000000000068,20.200000000000045,-28.30000000000001,-31.600000000000023,-32.5,-31.30000000000001,-28.5,-28.0,-29.700000000000045,-29.900000000000034,-28.600000000000023,-25.0,937.3,351.6
111,112,0,3.7,0.98,1,-28.90000000000009,-23.40000000000009,-17.0,-10.600000000000023,-5.100000000000023,5.399999999999977,9.899999999999977,14.299999999999955,18.299999999999955,20.299999999999955,-28.0,-31.5,-32.39999999999998,-31.19999999999999,-28.399999999999977,-27.80000000000001,-29.5,-29.69999999999999,-28.30000000000001,-24.600000000000023,936.7,351.0
112,113,0,3.733,0.98,1,-29.199999999999932,-23.699999999999932,-17.299999999999955,-10.899999999999977,-5.2999999999999545,5.300000000000068,9.800000000000068,14.300000000000068,18.300000000000068,20.300000000000068,-27.900000000000034,-31.400000000000034,-32.30000000000001,-31.200000000000045,-28.400000000000034,-27.80000000000001,-29.5,-29.80000000000001,-28.400000000000034,-24.600000000000023,936.4,350.6
113,114,0,3.767,0.98,1,-29.299999999999955,-23.899999999999977,-17.399999999999977,-11.0,-5.399999999999977,5.0,9.5,14.0,18.100000000000023,20.200000000000045,-27.69999999999999,-31.19999999999999,-32.19999999999999,-31.0,-28.30000000000001,-27.69999999999999,-29.399999999999977,-29.69999999999999,-28.399999999999977,-24.69999999999999,936.0,350.2
114,115,0,3.8,0.98,1,-29.299999999999955,-23.899999999999977,-17.399999999999977,-11.0,-5.399999999999977,5.0,9.5,13.900000000000091,18.0,20.100000000000023,-27.80000000000001,-31.30000000000001,-32.30000000000001,-31.200000000000045,-28.400000000000034,-27.80000000000001,-29.600000000000023,-29.80000000000001,-28.5,-24.80000000000001,935.8,350.1
115,116,0,3.833,0.98,1,-29.09999999999991,-23.699999999999932,-17.199999999999932,-10.899999999999977,-5.2999999999999545,5.0,9.5,14.0,18.100000000000023,20.200000000000045,-27.600000000000023,-31.19999999999999,-32.19999999999999,-31.0,-28.30000000000001,-27.69999999999999,-29.5,-29.69999999999999,-28.400000000000034,-24.69999999999999,935.3,349.8
116,117,0,3.867,0.98,1,-29.200000000000045,-23.799999999999955,-17.399999999999977,-11.0,-5.399999999999977,4.899999999999977,9.5,14.0,18.100000000000023,20.299999999999955,-27.600000000000023,-31.200000000000045,-32.200000000000045,-31.100000000000023,-28.30000000000001,-27.80000000000001,-29.5,-29.80000000000001,-28.5,-24.80000000000001,935.0,349.6
117,118,0,3.9,0.98,1,-29.5,-24.100000000000023,-17.600000000000023,-11.200000000000045,-5.7000000000000455,4.699999999999932,9.199999999999932,13.799999999999955,18.0,20.199999999999932,-27.5,-31.100000000000023,-32.10000000000002,-31.0,-28.30000000000001,-27.900000000000034,-29.700000000000045,-30.0,-28.80000000000001,-25.100000000000023,934.7,349.6
118,119,0,3.933,0.98,1,-29.299999999999955,-23.899999999999977,-17.5,-11.199999999999932,-5.599999999999909,4.800000000000068,9.400000000000091,13.900000000000091,18.100000000000023,20.300000000000068,-27.399999999999977,-31.0,-32.0,-30.899999999999977,-28.19999999999999,-27.80000000000001,-29.600000000000023,-29.899999999999977,-28.69999999999999,-25.0,934.3,349.5
119,120,0,3.967,0.98,1,-29.5,-24.0,-17.600000000000023,-11.200000000000045,-5.600000000000023,4.7999999999999545,9.299999999999955,13.899999999999977,18.100000000000023,20.299999999999955,-27.399999999999977,-31.0,-32.0,-30.899999999999977,-28.19999999999999,-27.80000000000001,-29.600000000000023,-29.899999999999977,-28.69999999999999,-25.0,934.0,349.5
120,121,0,4.0,0.98,1,-29.5,-24.100000000000023,-17.600000000000023,-11.200000000000045,-5.600000000000023,4.899999999999977,9.5,14.100000000000023,18.299999999999955,20.5,-27.5,-31.19999999999999,-32.19999999999999,-31.100000000000023,-28.400000000000034,-28.0,-29.80000000000001,-30.100000000000023,-28.80000000000001,-25.100000000000023,933.6,349.8
121,122,0,4.033,0.98,1,-29.299999999999955,-24.0,-17.600000000000023,-11.200000000000045,-5.7000000000000455,4.899999999999977,9.5,14.100000000000023,18.399999999999977,20.700000000000045,-27.299999999999955,-30.899999999999977,-31.899999999999977,-30.799999999999955,-28.19999999999999,-27.799999999999955,-29.599999999999966,-29.899999999999977,-28.599999999999966,-24.899999999999977,933.0,349.9
122,123,0,4.067,0.98,1,-29.399999999999977,-24.0,-17.600000000000023,-11.200000000000045,-5.5,5.100000000000023,9.699999999999932,14.299999999999955,18.600000000000023,20.899999999999977,-27.5,-31.100000000000023,-32.19999999999999,-31.100000000000023,-28.5,-28.0,-29.80000000000001,-30.100000000000023,-28.80000000000001,-25.100000000000023,932.6,350.3
123,124,0,4.1,0.98,1,-29.399999999999977,-24.0,-17.600000000000023,-11.199999999999932,-5.600000000000023,5.0,9.600000000000023,14.200000000000045,18.5,20.800000000000068,-27.399999999999977,-31.099999999999966,-32.099999999999966,-31.0,-28.399999999999977,-28.0,-29.69999999999999,-30.099999999999966,-28.69999999999999,-25.0,932.4,350.4
124,125,0,4.133,0.98,1,-29.299999999999955,-23.899999999999977,-17.399999999999977,-11.099999999999909,-5.399999999999977,5.2000000000000455,9.900000000000091,14.600000000000023,18.90000000000009,21.200000000000045,-27.600000000000023,-31.100000000000023,-32.10000000000002,-31.0,-28.30000000000001,-27.900000000000034,-29.600000000000023,-30.0,-28.700000000000045,-25.0,931.8,350.6
125,126,0,4.167,0.98,1,-29.5,-24.100000000000023,-17.600000000000023,-11.300000000000068,-5.600000000000023,5.0,9.699999999999932,14.399999999999977,18.699999999999932,21.0,-27.5,-31.100000000000023,-32.19999999999999,-31.100000000000023,-28.400000000000034,-28.100000000000023,-29.900000000000034,-30.19999999999999,-28.900000000000034,-25.19999999999999,931.7,350.8
126,127,0,4.2,0.98,1,-29.399999999999977,-24.100000000000023,-17.600000000000023,-11.299999999999955,-5.600000000000023,5.0,9.700000000000045,14.399999999999977,18.700000000000045,21.0,-27.600000000000023,-31.19999999999999,-32.19999999999999,-31.100000000000023,-28.5,-28.19999999999999,-30.0,-30.30000000000001,-29.0,-25.30000000000001,931.5,351.0
127,128,0,4.233,0.98,1,-29.399999999999977,-24.0,-17.59999999999991,-11.199999999999932,-5.599999999999909,5.0,9.700000000000045,14.400000000000091,18.800000000000068,21.100000000000023,-27.69999999999999,-31.299999999999955,-32.299999999999955,-31.19999999999999,-28.5,-28.099999999999966,-29.899999999999977,-30.299999999999955,-28.899999999999977,-25.19999999999999,931.3,351.4
128,129,0,4.267,0.98,1,-29.399999999999977,-24.0,-17.5,-11.100000000000023,-5.5,5.100000000000023,9.799999999999955,14.5,18.799999999999955,21.100000000000023,-27.700000000000045,-31.30000000000001,-32.30000000000001,-31.200000000000045,-28.5,-28.100000000000023,-29.900000000000034,-30.200000000000045,-28.900000000000034,-25.200000000000045,931.1,351.6
129,130,0,4.3,0.98,1,-29.399999999999977,-24.0,-17.5,-11.100000000000023,-5.399999999999977,5.100000000000023,9.800000000000068,14.399999999999977,18.800000000000068,21.100000000000023,-27.69999999999999,-31.299999999999955,-32.19999999999999,-31.099999999999966,-28.399999999999977,-28.099999999999966,-29.899999999999977,-30.299999999999955,-29.0,-25.299999999999955,930.9,351.9
130,131,0,4.333,0.98,1,-29.399999999999977,-24.0,-17.59999999999991,-11.199999999999932,-5.5,5.100000000000023,9.800000000000068,14.5,18.800000000000068,21.100000000000023,-27.80000000000001,-31.400000000000034,-32.400000000000034,-31.30000000000001,-28.69999999999999,-28.30000000000001,-30.100000000000023,-30.5,-29.30000000000001,-25.600000000000023,930.8,352.3
131,132,0,4.367,0.98,1,-29.200000000000045,-23.899999999999977,-17.399999999999977,-11.100000000000023,-5.5,5.2999999999999545,10.0,14.699999999999932,19.0,21.299999999999955,-27.900000000000034,-31.5,-32.5,-31.400000000000034,-28.700000000000045,-28.30000000000001,-30.200000000000045,-30.600000000000023,-29.400000000000034,-25.700000000000045,930.6,352.6
132,133,0,4.4,0.98,1,-29.200000000000045,-23.899999999999977,-17.5,-11.100000000000023,-5.5,5.2999999999999545,10.0,14.700000000000045,19.0,21.299999999999955,-27.900000000000034,-31.400000000000034,-32.400000000000034,-31.30000000000001,-28.600000000000023,-28.19999999999999,-30.0,-30.400000000000034,-29.100000000000023,-25.5,930.5,352.8
133,134,0,4.433,0.98,1,-29.200000000000045,-23.899999999999977,-17.5,-11.200000000000045,-5.600000000000023,5.2999999999999545,10.0,14.600000000000023,18.899999999999977,21.200000000000045,-27.80000000000001,-31.399999999999977,-32.39999999999998,-31.30000000000001,-28.599999999999966,-28.19999999999999,-30.0,-30.30000000000001,-29.099999999999966,-25.399999999999977,930.5,352.7
134,135,0,4.467,0.98,1,-29.100000000000023,-23.700000000000045,-17.299999999999955,-11.0,-5.399999999999977,5.399999999999977,10.0,14.700000000000045,19.0,21.299999999999955,-27.900000000000034,-31.400000000000034,-32.400000000000034,-31.19999999999999,-28.5,-28.100000000000023,-29.900000000000034,-30.30000000000001,-29.0,-25.30000000000001,930.5,352.8
135,136,0,4.5,0.98,1,-28.899999999999977,-23.600000000000023,-17.200000000000045,-10.899999999999977,-5.2999999999999545,5.399999999999977,10.100000000000023,14.700000000000045,19.0,21.299999999999955,-28.0,-31.5,-32.39999999999998,-31.19999999999999,-28.599999999999966,-28.099999999999966,-29.899999999999977,-30.19999999999999,-29.0,-25.299999999999955,930.5,352.9
136,137,0,4.533,0.98,1,-28.899999999999977,-23.5,-17.09999999999991,-10.799999999999955,-5.2999999999999545,5.400000000000091,10.100000000000023,14.700000000000045,19.0,21.300000000000068,-28.100000000000023,-31.600000000000023,-32.5,-31.30000000000001,-28.600000000000023,-28.19999999999999,-29.899999999999977,-30.30000000000001,-29.0,-25.399999999999977,930.8,353.0
137,138,0,4.567,0.98,1,-28.799999999999955,-23.399999999999977,-17.0,-10.699999999999932,-5.199999999999932,5.600000000000023,10.200000000000045,14.800000000000068,19.0,21.300000000000068,-28.200000000000045,-31.600000000000023,-32.5,-31.30000000000001,-28.600000000000023,-28.100000000000023,-29.80000000000001,-30.100000000000023,-28.80000000000001,-25.100000000000023,930.8,353.1
138,139,0,4.6,0.98,1,-28.899999999999977,-23.399999999999977,-17.0,-10.700000000000045,-5.2000000000000455,5.600000000000023,10.299999999999955,14.899999999999977,19.100000000000023,21.299999999999955,-28.30000000000001,-31.69999999999999,-32.60000000000002,-31.400000000000034,-28.69999999999999,-28.19999999999999,-29.80000000000001,-30.100000000000023,-28.80000000000001,-25.100000000000023,931.0,353.3
139,140,0,4.633,0.98,1,-28.800000000000068,-23.300000000000068,-16.899999999999977,-10.600000000000023,-5.0,5.600000000000023,10.299999999999955,14.899999999999977,19.0,21.199999999999932,-28.399999999999977,-31.899999999999977,-32.69999999999999,-31.5,-28.69999999999999,-28.100000000000023,-29.899999999999977,-30.19999999999999,-28.80000000000001,-25.100000000000023,931.1,353.5
140,141,0,4.667,0.98,1,-28.799999999999955,-23.299999999999955,-16.799999999999955,-10.399999999999977,-4.899999999999977,5.7000000000000455,10.399999999999977,15.0,19.200000000000045,21.299999999999955,-28.400000000000034,-31.80000000000001,-32.700000000000045,-31.5,-28.700000000000045,-28.100000000000023,-29.80000000000001,-30.100000000000023,-28.700000000000045,-24.900000000000034,931.0,353.6
141,142,0,4.7,0.98,1,-28.799999999999955,-23.299999999999955,-16.799999999999955,-10.399999999999977,-4.899999999999977,5.600000000000023,10.299999999999955,15.0,19.200000000000045,21.299999999999955,-28.30000000000001,-31.700000000000045,-32.60000000000002,-31.400000000000034,-28.600000000000023,-28.100000000000023,-29.80000000000001,-30.100000000000023,-28.700000000000045,-25.0,931.0,353.6
142,143,0,4.733,0.98,1,-28.799999999999955,-23.299999999999955,-16.799999999999955,-10.399999999999977,-4.899999999999977,5.600000000000023,10.399999999999977,15.0,19.200000000000045,21.399999999999977,-28.30000000000001,-31.700000000000045,-32.60000000000002,-31.400000000000034,-28.600000000000023,-28.100000000000023,-29.80000000000001,-30.100000000000023,-28.700000000000045,-25.0,931.0,353.6
143,144,0,4.767,0.98,1,-28.700000000000045,-23.200000000000045,-16.700000000000045,-10.399999999999977,-4.899999999999977,5.7999999999999545,10.5,15.100000000000023,19.299999999999955,21.5,-28.5,-31.900000000000034,-32.69999999999999,-31.5,-28.69999999999999,-28.100000000000023,-29.900000000000034,-30.19999999999999,-28.900000000000034,-25.19999999999999,931.0,353.8
144,145,0,4.8,0.98,1,-28.800000000000068,-23.300000000000068,-16.800000000000068,-10.399999999999977,-4.899999999999977,5.600000000000023,10.299999999999955,15.0,19.199999999999932,21.399999999999977,-28.399999999999977,-31.899999999999977,-32.69999999999999,-31.399999999999977,-28.599999999999966,-28.099999999999966,-29.899999999999977,-30.299999999999955,-29.0,-25.299999999999955,931.1,353.9
145,146,0,4.833,0.98,1,-28.800000000000068,-23.300000000000068,-16.800000000000068,-10.399999999999977,-4.899999999999977,5.600000000000023,10.299999999999955,15.0,19.199999999999932,21.399999999999977,-28.399999999999977,-31.799999999999955,-32.599999999999966,-31.399999999999977,-28.599999999999966,-28.099999999999966,-29.899999999999977,-30.299999999999955,-29.0,-25.299999999999955,931.1,353.9
146,147,0,4.867,0.98,1,-28.800000000000068,-23.300000000000068,-16.800000000000068,-10.400000000000091,-4.800000000000068,5.599999999999909,10.399999999999977,15.0,19.299999999999955,21.5,-28.5,-31.899999999999977,-32.69999999999999,-31.5,-28.69999999999999,-28.19999999999999,-30.0,-30.399999999999977,-29.099999999999966,-25.5,931.2,353.9
147,148,0,4.9,0.98,1,-28.800000000000068,-23.300000000000068,-16.700000000000045,-10.300000000000068,-4.7000000000000455,5.699999999999932,10.399999999999977,15.099999999999909,19.399999999999977,21.59999999999991,-28.599999999999966,-32.0,-32.799999999999955,-31.599999999999966,-28.799999999999955,-28.299999999999955,-30.099999999999966,-30.599999999999966,-29.299999999999955,-25.599999999999966,931.2,353.9
148,149,0,4.933,0.98,1,-28.800000000000068,-23.300000000000068,-16.700000000000045,-10.300000000000068,-4.7000000000000455,5.699999999999932,10.5,15.199999999999932,19.59999999999991,21.799999999999955,-28.69999999999999,-32.099999999999966,-32.89999999999998,-31.69999999999999,-28.899999999999977,-28.399999999999977,-30.19999999999999,-30.599999999999966,-29.299999999999955,-25.599999999999966,931.2,353.9
149,150,0,4.967,0.98,1,-28.800000000000068,-23.300000000000068,-16.800000000000068,-10.300000000000068,-4.800000000000068,5.699999999999932,10.599999999999909,15.299999999999955,19.59999999999991,21.799999999999955,-28.69999999999999,-32.10000000000002,-32.900000000000034,-31.69999999999999,-28.900000000000034,-28.400000000000034,-30.19999999999999,-30.600000000000023,-29.19999999999999,-25.5,931.2,353.8
150,151,0,5.0,0.98,1,-28.90000000000009,-23.40000000000009,-16.800000000000068,-10.400000000000091,-4.800000000000068,5.699999999999932,10.5,15.199999999999932,19.5,21.699999999999932,-28.599999999999966,-32.0,-32.80000000000001,-31.599999999999966,-28.80000000000001,-28.30000000000001,-30.099999999999966,-30.5,-29.19999999999999,-25.5,931.2,353.7
151,152,0,5.033,0.98,1,-28.799999999999955,-23.299999999999955,-16.799999999999955,-10.5,-4.899999999999977,5.7999999999999545,10.600000000000023,15.299999999999955,19.600000000000023,21.799999999999955,-28.599999999999966,-32.0,-32.80000000000001,-31.599999999999966,-28.899999999999977,-28.399999999999977,-30.099999999999966,-30.5,-29.19999999999999,-25.599999999999966,931.0,353.7
152,153,0,5.067,0.98,1,-28.699999999999932,-23.299999999999955,-16.799999999999955,-10.5,-4.899999999999977,5.899999999999977,10.600000000000023,15.300000000000068,19.600000000000023,21.800000000000068,-28.599999999999966,-32.0,-32.80000000000001,-31.599999999999966,-28.80000000000001,-28.30000000000001,-30.099999999999966,-30.5,-29.19999999999999,-25.5,930.9,353.7
153,154,0,5.1,0.98,1,-28.699999999999932,-23.199999999999932,-16.799999999999955,-10.399999999999977,-4.899999999999977,5.800000000000068,10.600000000000023,15.200000000000045,19.399999999999977,21.600000000000023,-28.599999999999966,-32.0,-32.80000000000001,-31.599999999999966,-28.80000000000001,-28.30000000000001,-30.099999999999966,-30.399999999999977,-29.099999999999966,-25.399999999999977,930.9,353.7
154,155,0,5.133,0.98,1,-28.899999999999977,-23.399999999999977,-17.0,-10.699999999999932,-5.100000000000023,5.5,10.200000000000045,14.899999999999977,19.100000000000023,21.399999999999977,-28.399999999999977,-31.80000000000001,-32.69999999999999,-31.5,-28.80000000000001,-28.30000000000001,-30.099999999999966,-30.399999999999977,-29.19999999999999,-25.5,930.9,353.7
155,156,0,5.167,0.98,1,-28.800000000000068,-23.40000000000009,-17.0,-10.700000000000045,-5.100000000000023,5.599999999999909,10.299999999999955,14.899999999999977,19.199999999999932,21.399999999999977,-28.400000000000034,-31.80000000000001,-32.69999999999999,-31.5,-28.80000000000001,-28.30000000000001,-30.100000000000023,-30.5,-29.19999999999999,-25.600000000000023,930.7,353.8
156,157,0,5.2,0.98,1,-28.899999999999977,-23.399999999999977,-17.0,-10.600000000000023,-5.100000000000023,5.600000000000023,10.299999999999955,14.899999999999977,19.200000000000045,21.399999999999977,-28.399999999999977,-31.799999999999955,-32.69999999999999,-31.5,-28.799999999999955,-28.399999999999977,-30.099999999999966,-30.599999999999966,-29.299999999999955,-25.69999999999999,930.5,353.9
157,158,0,5.233,0.98,1,-28.899999999999977,-23.399999999999977,-17.0,-10.699999999999932,-5.100000000000023,5.5,10.200000000000045,14.800000000000068,19.0,21.300000000000068,-28.399999999999977,-31.80000000000001,-32.60000000000002,-31.5,-28.80000000000001,-28.399999999999977,-30.19999999999999,-30.600000000000023,-29.399999999999977,-25.899999999999977,930.4,354.0
158,159,0,5.267,0.98,1,-28.90000000000009,-23.5,-17.0,-10.700000000000045,-5.100000000000023,5.5,10.299999999999955,14.899999999999977,19.09999999999991,21.399999999999977,-28.399999999999977,-31.80000000000001,-32.69999999999999,-31.5,-28.80000000000001,-28.399999999999977,-30.19999999999999,-30.69999999999999,-29.399999999999977,-25.80000000000001,930.2,354.0
159,160,0,5.3,0.98,1,-28.899999999999977,-23.5,-17.0,-10.700000000000045,-5.100000000000023,5.399999999999977,10.200000000000045,14.799999999999955,19.100000000000023,21.299999999999955,-28.399999999999977,-31.80000000000001,-32.69999999999999,-31.5,-28.80000000000001,-28.399999999999977,-30.30000000000001,-30.69999999999999,-29.5,-25.80000000000001,930.0,354.0
160,161,0,5.333,0.98,1,-29.100000000000023,-23.600000000000023,-17.100000000000023,-10.799999999999955,-5.199999999999932,5.399999999999977,10.200000000000045,14.800000000000068,19.100000000000023,21.399999999999977,-28.399999999999977,-31.80000000000001,-32.69999999999999,-31.5,-28.899999999999977,-28.5,-30.399999999999977,-30.80000000000001,-29.600000000000023,-25.899999999999977,929.9,354.0
161,162,0,5.367,0.98,1,-29.09999999999991,-23.699999999999932,-17.199999999999932,-10.899999999999977,-5.2999999999999545,5.5,10.200000000000045,14.900000000000091,19.200000000000045,21.40000000000009,-28.5,-32.0,-32.80000000000001,-31.700000000000045,-29.100000000000023,-28.80000000000001,-30.600000000000023,-31.0,-29.80000000000001,-26.100000000000023,929.8,354.1
162,163,0,5.4,0.98,1,-29.200000000000045,-23.800000000000068,-17.300000000000068,-10.900000000000091,-5.400000000000091,5.399999999999977,10.199999999999932,14.799999999999955,19.09999999999991,21.299999999999955,-28.599999999999966,-32.099999999999966,-33.0,-31.899999999999977,-29.30000000000001,-29.0,-30.899999999999977,-31.30000000000001,-30.099999999999966,-26.5,929.7,354.2
163,164,0,5.433,0.98,1,-29.300000000000068,-23.899999999999977,-17.399999999999977,-11.0,-5.399999999999977,5.399999999999977,10.199999999999932,14.799999999999955,19.0,21.199999999999932,-28.799999999999955,-32.39999999999998,-33.39999999999998,-32.299999999999955,-29.69999999999999,-29.399999999999977,-31.299999999999955,-31.799999999999955,-30.5,-26.799999999999955,929.6,354.4
164,165,0,5.467,0.98,1,-29.299999999999955,-23.899999999999977,-17.399999999999977,-10.899999999999977,-5.399999999999977,5.399999999999977,10.100000000000023,14.700000000000045,19.0,21.200000000000045,-28.899999999999977,-32.60000000000002,-33.5,-32.5,-29.899999999999977,-29.600000000000023,-31.600000000000023,-32.0,-30.69999999999999,-27.0,929.5,354.5
165,166,0,5.5,0.98,1,-29.399999999999977,-23.899999999999977,-17.399999999999977,-11.0,-5.5,5.300000000000068,10.0,14.700000000000045,18.90000000000009,21.200000000000045,-28.80000000000001,-32.5,-33.5,-32.5,-30.0,-29.80000000000001,-31.80000000000001,-32.30000000000001,-31.0,-27.19999999999999,929.3,354.7
166,167,0,5.533,0.98,1,-29.399999999999977,-23.899999999999977,-17.399999999999977,-10.899999999999977,-5.399999999999977,5.300000000000068,10.0,14.600000000000023,18.800000000000068,21.0,-28.899999999999977,-32.69999999999999,-33.599999999999966,-32.599999999999966,-30.0,-29.899999999999977,-31.899999999999977,-32.39999999999998,-31.19999999999999,-27.399999999999977,929.3,354.9
167,168,0,5.567,0.98,1,-29.100000000000023,-23.700000000000045,-17.200000000000045,-10.700000000000045,-5.2000000000000455,5.5,10.200000000000045,14.799999999999955,19.0,21.200000000000045,-29.200000000000045,-32.900000000000034,-33.80000000000001,-32.80000000000001,-30.200000000000045,-30.0,-32.0,-32.5,-31.30000000000001,-27.600000000000023,929.0,355.1
168,169,0,5.6,0.98,1,-29.200000000000045,-23.799999999999955,-17.299999999999955,-10.799999999999955,-5.2999999999999545,5.600000000000023,10.299999999999955,14.799999999999955,18.899999999999977,21.100000000000023,-29.099999999999966,-32.89999999999998,-34.0,-32.89999999999998,-30.30000000000001,-30.19999999999999,-32.19999999999999,-32.69999999999999,-31.5,-27.80000000000001,929.0,355.2
169,170,0,5.633,0.98,1,-29.0,-23.699999999999932,-17.199999999999932,-10.699999999999932,-5.100000000000023,5.7000000000000455,10.399999999999977,14.899999999999977,19.0,21.200000000000045,-29.19999999999999,-32.89999999999998,-33.89999999999998,-32.89999999999998,-30.30000000000001,-30.19999999999999,-32.19999999999999,-32.69999999999999,-31.5,-27.80000000000001,928.9,355.2
170,171,0,5.667,0.98,1,-29.0,-23.699999999999932,-17.199999999999932,-10.699999999999932,-5.099999999999909,5.7000000000000455,10.400000000000091,15.0,19.100000000000023,21.200000000000045,-29.30000000000001,-33.0,-34.0,-33.0,-30.30000000000001,-30.19999999999999,-32.19999999999999,-32.69999999999999,-31.5,-27.80000000000001,928.8,355.2
171,172,0,5.7,0.98,1,-29.0,-23.700000000000045,-17.200000000000045,-10.700000000000045,-5.100000000000023,5.699999999999932,10.5,15.0,19.199999999999932,21.299999999999955,-29.30000000000001,-33.099999999999966,-34.099999999999966,-33.0,-30.30000000000001,-30.19999999999999,-32.19999999999999,-32.80000000000001,-31.5,-27.80000000000001,928.7,355.2
172,173,0,5.733,0.98,1,-28.899999999999977,-23.600000000000023,-17.100000000000023,-10.600000000000023,-5.100000000000023,5.899999999999977,10.600000000000023,15.200000000000045,19.299999999999955,21.399999999999977,-29.5,-33.10000000000002,-34.10000000000002,-33.0,-30.400000000000034,-30.200000000000045,-32.200000000000045,-32.700000000000045,-31.5,-27.80000000000001,928.5,355.1
173,174,0,5.767,0.98,1,-28.799999999999955,-23.5,-17.0,-10.599999999999909,-5.099999999999909,6.0,10.700000000000045,15.200000000000045,19.40000000000009,21.5,-29.600000000000023,-33.19999999999999,-34.19999999999999,-33.10000000000002,-30.399999999999977,-30.19999999999999,-32.19999999999999,-32.69999999999999,-31.5,-27.80000000000001,928.3,355.0
174,175,0,5.8,0.98,1,-28.899999999999977,-23.5,-17.100000000000023,-10.700000000000045,-5.2000000000000455,5.899999999999977,10.600000000000023,15.199999999999932,19.299999999999955,21.5,-29.600000000000023,-33.19999999999999,-34.19999999999999,-33.10000000000002,-30.399999999999977,-30.30000000000001,-32.30000000000001,-32.80000000000001,-31.600000000000023,-28.0,928.1,355.0
175,176,0,5.833,0.98,1,-28.800000000000068,-23.40000000000009,-17.0,-10.600000000000023,-5.100000000000023,6.099999999999909,10.899999999999977,15.5,19.699999999999932,21.899999999999977,-29.600000000000023,-33.19999999999999,-34.19999999999999,-33.10000000000002,-30.399999999999977,-30.30000000000001,-32.30000000000001,-32.89999999999998,-31.69999999999999,-28.100000000000023,927.7,355.0
176,177,0,5.867,0.98,1,-29.0,-23.600000000000023,-17.200000000000045,-10.800000000000068,-5.300000000000068,5.7999999999999545,10.5,15.100000000000023,19.299999999999955,21.600000000000023,-29.5,-33.10000000000002,-34.0,-32.89999999999998,-30.30000000000001,-30.100000000000023,-32.19999999999999,-32.69999999999999,-31.5,-27.899999999999977,927.6,355.0
177,178,0,5.9,0.98,1,-29.200000000000045,-23.799999999999955,-17.299999999999955,-10.899999999999977,-5.2999999999999545,5.7000000000000455,10.5,15.100000000000023,19.299999999999955,21.600000000000023,-29.19999999999999,-32.89999999999998,-33.799999999999955,-32.799999999999955,-30.099999999999966,-30.0,-32.0,-32.5,-31.299999999999955,-27.599999999999966,927.5,354.9
178,179,0,5.933,0.98,1,-29.0,-23.699999999999932,-17.199999999999932,-10.799999999999955,-5.2999999999999545,5.900000000000091,10.600000000000023,15.200000000000045,19.40000000000009,21.700000000000045,-29.5,-33.099999999999966,-34.0,-32.89999999999998,-30.299999999999955,-30.19999999999999,-32.099999999999966,-32.69999999999999,-31.5,-27.899999999999977,927.3,355.4
179,180,0,5.967,0.98,1,-29.200000000000045,-23.90000000000009,-17.40000000000009,-10.900000000000091,-5.300000000000068,5.7999999999999545,10.599999999999909,15.299999999999955,19.5,21.699999999999932,-29.69999999999999,-33.39999999999998,-34.39999999999998,-33.30000000000001,-30.599999999999966,-30.5,-32.599999999999966,-33.19999999999999,-32.0,-28.30000000000001,927.2,356.2
180,181,0,6.0,0.98,1,-28.600000000000023,-23.399999999999977,-16.899999999999977,-10.5,-5.0,6.2000000000000455,10.899999999999977,15.5,19.700000000000045,21.800000000000068,-30.0,-33.700000000000045,-34.700000000000045,-33.60000000000002,-30.900000000000034,-30.700000000000045,-32.80000000000001,-33.30000000000001,-32.10000000000002,-28.400000000000034,926.9,357.1
181,182,0,6.033,0.98,1,-28.200000000000045,-22.899999999999977,-16.5,-10.200000000000045,-4.800000000000068,6.2999999999999545,11.0,15.5,19.600000000000023,21.799999999999955,-30.100000000000023,-33.69999999999999,-34.69999999999999,-33.5,-30.80000000000001,-30.600000000000023,-32.69999999999999,-33.19999999999999,-32.10000000000002,-28.5,926.6,357.8
182,183,0,6.067,0.98,1,-27.899999999999977,-22.699999999999932,-16.299999999999955,-10.0,-4.699999999999932,6.400000000000091,11.100000000000023,15.700000000000045,19.800000000000068,22.0,-30.600000000000023,-34.10000000000002,-34.900000000000034,-33.700000000000045,-31.0,-30.900000000000034,-33.0,-33.60000000000002,-32.5,-29.0,926.3,358.6
183,184,0,6.1,0.98,1,-28.09999999999991,-22.799999999999955,-16.399999999999977,-10.0,-4.599999999999909,6.300000000000068,11.0,15.600000000000023,19.800000000000068,22.0,-30.30000000000001,-33.700000000000045,-34.60000000000002,-33.30000000000001,-30.600000000000023,-30.400000000000034,-32.5,-33.200000000000045,-32.10000000000002,-28.600000000000023,926.3,359.1
184,185,0,6.133,0.98,1,-27.899999999999977,-22.600000000000023,-16.199999999999932,-10.0,-4.600000000000023,6.7000000000000455,11.5,16.0,20.200000000000045,22.300000000000068,-30.69999999999999,-34.10000000000002,-34.89999999999998,-33.69999999999999,-31.0,-30.80000000000001,-32.80000000000001,-33.39999999999998,-32.30000000000001,-28.69999999999999,925.9,359.5
185,186,0,6.167,0.98,1,-27.799999999999955,-22.5,-16.09999999999991,-9.899999999999977,-4.599999999999909,6.900000000000091,11.600000000000023,16.100000000000023,20.200000000000045,22.40000000000009,-30.69999999999999,-34.0,-34.80000000000001,-33.5,-30.899999999999977,-30.600000000000023,-32.60000000000002,-33.19999999999999,-32.10000000000002,-28.600000000000023,925.8,359.5
186,187,0,6.2,0.98,1,-27.799999999999955,-22.5,-16.09999999999991,-9.899999999999977,-4.5,6.7000000000000455,11.400000000000091,16.0,20.100000000000023,22.300000000000068,-30.80000000000001,-34.19999999999999,-34.89999999999998,-33.599999999999966,-30.899999999999977,-30.599999999999966,-32.599999999999966,-33.30000000000001,-32.19999999999999,-28.80000000000001,925.8,359.7
187,188,0,6.233,0.98,1,-27.600000000000023,-22.300000000000068,-15.899999999999977,-9.700000000000045,-4.399999999999977,6.7999999999999545,11.5,16.100000000000023,20.199999999999932,22.399999999999977,-30.600000000000023,-34.0,-34.69999999999999,-33.39999999999998,-30.69999999999999,-30.30000000000001,-32.30000000000001,-32.89999999999998,-31.899999999999977,-28.5,925.6,359.5
188,189,0,6.267,0.98,1,-27.700000000000045,-22.399999999999977,-16.100000000000023,-9.800000000000068,-4.5,6.699999999999932,11.399999999999977,15.899999999999977,20.100000000000023,22.299999999999955,-30.700000000000045,-34.0,-34.80000000000001,-33.5,-30.700000000000045,-30.400000000000034,-32.5,-33.10000000000002,-32.10000000000002,-28.700000000000045,925.6,359.6
189,190,0,6.3,0.98,1,-27.799999999999955,-22.5,-16.100000000000023,-9.799999999999955,-4.5,6.7000000000000455,11.399999999999977,16.0,20.200000000000045,22.399999999999977,-30.80000000000001,-34.10000000000002,-34.80000000000001,-33.5,-30.700000000000045,-30.400000000000034,-32.5,-33.10000000000002,-32.10000000000002,-28.700000000000045,925.5,359.6
190,191,0,6.333,0.98,1,-27.600000000000023,-22.299999999999955,-15.899999999999977,-9.699999999999932,-4.2999999999999545,6.899999999999977,11.600000000000023,16.200000000000045,20.300000000000068,22.399999999999977,-30.80000000000001,-34.10000000000002,-34.80000000000001,-33.5,-30.700000000000045,-30.400000000000034,-32.400000000000034,-33.10000000000002,-32.0,-28.5,925.4,359.6
191,192,0,6.367,0.98,1,-27.899999999999977,-22.600000000000023,-16.199999999999932,-9.899999999999977,-4.5,6.800000000000068,11.600000000000023,16.200000000000045,20.300000000000068,22.399999999999977,-30.700000000000045,-34.10000000000002,-34.80000000000001,-33.5,-30.80000000000001,-30.400000000000034,-32.5,-33.10000000000002,-32.0,-28.600000000000023,925.4,359.6
192,193,0,6.4,0.98,1,-27.899999999999977,-22.600000000000023,-16.200000000000045,-9.899999999999977,-4.5,6.7000000000000455,11.5,16.200000000000045,20.399999999999977,22.600000000000023,-30.400000000000034,-33.900000000000034,-34.60000000000002,-33.400000000000034,-30.69999999999999,-30.400000000000034,-32.400000000000034,-33.10000000000002,-32.0,-28.400000000000034,925.0,359.3
193,194,0,6.433,0.98,1,-28.100000000000023,-22.799999999999955,-16.399999999999977,-10.100000000000023,-4.600000000000023,6.7000000000000455,11.5,16.200000000000045,20.399999999999977,22.600000000000023,-30.400000000000034,-33.900000000000034,-34.69999999999999,-33.5,-30.80000000000001,-30.5,-32.5,-33.10000000000002,-32.0,-28.400000000000034,925.0,359.3
194,195,0,6.467,0.98,1,-28.200000000000045,-22.90000000000009,-16.40000000000009,-10.100000000000023,-4.600000000000023,6.599999999999909,11.5,16.199999999999932,20.399999999999977,22.59999999999991,-30.30000000000001,-33.80000000000001,-34.60000000000002,-33.30000000000001,-30.600000000000023,-30.400000000000034,-32.400000000000034,-33.0,-31.900000000000034,-28.400000000000034,924.7,359.1
195,196,0,6.5,0.98,1,-28.299999999999955,-23.0,-16.59999999999991,-10.299999999999955,-4.7999999999999545,6.400000000000091,11.200000000000045,15.900000000000091,20.100000000000023,22.40000000000009,-30.100000000000023,-33.60000000000002,-34.400000000000034,-33.19999999999999,-30.5,-30.30000000000001,-32.400000000000034,-33.0,-32.0,-28.5,924.8,358.8
196,197,0,6.533,0.98,1,-28.399999999999977,-23.0,-16.600000000000023,-10.300000000000068,-4.800000000000068,6.5,11.299999999999955,16.0,20.199999999999932,22.399999999999977,-30.19999999999999,-33.69999999999999,-34.5,-33.299999999999955,-30.599999999999966,-30.399999999999977,-32.5,-33.099999999999966,-32.0,-28.5,924.6,358.9
197,198,0,6.567,0.98,1,-28.299999999999955,-23.0,-16.600000000000023,-10.299999999999955,-4.7999999999999545,6.5,11.399999999999977,16.100000000000023,20.299999999999955,22.5,-30.19999999999999,-33.69999999999999,-34.5,-33.299999999999955,-30.599999999999966,-30.399999999999977,-32.5,-33.099999999999966,-32.0,-28.399999999999977,924.5,358.9
198,199,0,6.6,0.98,1,-28.399999999999977,-23.100000000000023,-16.699999999999932,-10.299999999999955,-4.7999999999999545,6.5,11.300000000000068,16.0,20.300000000000068,22.5,-30.100000000000023,-33.5,-34.400000000000034,-33.19999999999999,-30.400000000000034,-30.19999999999999,-32.30000000000001,-32.900000000000034,-31.900000000000034,-28.400000000000034,924.4,358.8
199,200,0,6.633,0.98,1,-28.399999999999977,-23.100000000000023,-16.699999999999932,-10.399999999999977,-4.899999999999977,6.300000000000068,11.100000000000023,15.800000000000068,20.100000000000023,22.300000000000068,-29.899999999999977,-33.39999999999998,-34.19999999999999,-33.0,-30.19999999999999,-30.099999999999966,-32.19999999999999,-32.80000000000001,-31.69999999999999,-28.30000000000001,924.4,358.7
200,201,0,6.667,0.98,1,-28.5,-23.199999999999932,-16.699999999999932,-10.299999999999955,-4.699999999999932,6.2000000000000455,11.0,15.800000000000068,20.100000000000023,22.300000000000068,-29.80000000000001,-33.30000000000001,-34.19999999999999,-33.0,-30.19999999999999,-30.0,-32.099999999999966,-32.69999999999999,-31.599999999999966,-28.099999999999966,924.4,358.7
201,202,0,6.7,0.98,1,-28.600000000000023,-23.200000000000045,-16.700000000000045,-10.299999999999955,-4.7999999999999545,6.100000000000023,10.899999999999977,15.600000000000023,19.899999999999977,22.200000000000045,-29.80000000000001,-33.30000000000001,-34.19999999999999,-32.89999999999998,-30.19999999999999,-29.899999999999977,-32.0,-32.599999999999966,-31.5,-28.0,924.5,358.7
202,203,0,6.733,0.98,1,-28.5,-23.100000000000023,-16.600000000000023,-10.299999999999955,-4.7000000000000455,6.2000000000000455,11.0,15.700000000000045,20.0,22.299999999999955,-29.900000000000034,-33.400000000000034,-34.19999999999999,-33.0,-30.19999999999999,-30.0,-32.0,-32.69999999999999,-31.600000000000023,-28.100000000000023,924.5,358.8
203,204,0,6.767,0.98,1,-28.399999999999977,-23.0,-16.5,-10.200000000000045,-4.7000000000000455,6.2999999999999545,11.100000000000023,15.799999999999955,20.100000000000023,22.399999999999977,-30.0,-33.400000000000034,-34.19999999999999,-32.900000000000034,-30.19999999999999,-30.0,-32.0,-32.60000000000002,-31.600000000000023,-28.100000000000023,924.5,358.8
204,205,0,6.8,0.98,1,-28.100000000000023,-22.799999999999955,-16.299999999999955,-10.0,-4.600000000000023,6.5,11.200000000000045,15.899999999999977,20.200000000000045,22.399999999999977,-30.099999999999966,-33.39999999999998,-34.19999999999999,-32.89999999999998,-30.099999999999966,-29.799999999999955,-31.899999999999977,-32.5,-31.5,-28.099999999999966,924.4,358.9
205,206,0,6.833,0.98,1,-28.100000000000023,-22.699999999999932,-16.299999999999955,-10.100000000000023,-4.600000000000023,6.399999999999977,11.100000000000023,15.800000000000068,20.100000000000023,22.300000000000068,-30.099999999999966,-33.39999999999998,-34.19999999999999,-32.89999999999998,-30.099999999999966,-29.899999999999977,-31.899999999999977,-32.599999999999966,-31.599999999999966,-28.19999999999999,924.4,358.9
206,207,0,6.867,0.98,1,-28.199999999999932,-22.899999999999977,-16.399999999999977,-10.100000000000023,-4.699999999999932,6.399999999999977,11.200000000000045,15.800000000000068,20.100000000000023,22.300000000000068,-30.0,-33.39999999999998,-34.099999999999966,-32.799999999999955,-30.0,-29.799999999999955,-31.799999999999955,-32.5,-31.399999999999977,-28.0,924.4,358.9
207,208,0,6.9,0.98,1,-28.100000000000023,-22.799999999999955,-16.399999999999977,-10.199999999999932,-4.699999999999932,6.399999999999977,11.100000000000023,15.800000000000068,20.0,22.200000000000045,-30.0,-33.299999999999955,-34.0,-32.69999999999999,-29.899999999999977,-29.599999999999966,-31.69999999999999,-32.299999999999955,-31.399999999999977,-28.0,924.4,358.9
208,209,0,6.933,0.98,1,-28.199999999999932,-22.799999999999955,-16.399999999999977,-10.199999999999932,-4.699999999999932,6.399999999999977,11.100000000000023,15.800000000000068,20.0,22.300000000000068,-30.100000000000023,-33.39999999999998,-34.10000000000002,-32.80000000000001,-30.0,-29.69999999999999,-31.80000000000001,-32.5,-31.5,-28.100000000000023,924.4,359.0
209,210,0,6.967,0.98,1,-28.100000000000023,-22.799999999999955,-16.399999999999977,-10.100000000000023,-4.699999999999932,6.399999999999977,11.200000000000045,15.800000000000068,20.0,22.300000000000068,-30.100000000000023,-33.39999999999998,-34.0,-32.69999999999999,-30.0,-29.69999999999999,-31.80000000000001,-32.5,-31.600000000000023,-28.30000000000001,924.4,359.0
210,211,0,7.0,0.98,1,-28.299999999999955,-22.899999999999977,-16.5,-10.200000000000045,-4.7999999999999545,6.2999999999999545,11.100000000000023,15.700000000000045,19.899999999999977,22.200000000000045,-30.100000000000023,-33.30000000000001,-34.0,-32.69999999999999,-29.899999999999977,-29.69999999999999,-31.80000000000001,-32.5,-31.600000000000023,-28.30000000000001,924.5,359.0
211,212,0,7.033,0.98,1,-28.300000000000068,-23.0,-16.600000000000023,-10.300000000000068,-4.800000000000068,6.199999999999932,11.0,15.600000000000023,19.799999999999955,22.100000000000023,-30.0,-33.30000000000001,-34.0,-32.69999999999999,-29.899999999999977,-29.69999999999999,-31.80000000000001,-32.5,-31.600000000000023,-28.19999999999999,924.6,359.0
212,213,0,7.067,0.98,1,-28.200000000000045,-22.899999999999977,-16.5,-10.299999999999955,-4.899999999999977,6.2000000000000455,10.899999999999977,15.5,19.700000000000045,22.0,-30.0,-33.30000000000001,-34.0,-32.69999999999999,-29.899999999999977,-29.600000000000023,-31.600000000000023,-32.30000000000001,-31.399999999999977,-28.100000000000023,924.5,359.0
213,214,0,7.1,0.98,1,-27.600000000000023,-22.5,-16.299999999999955,-10.200000000000045,-4.7999999999999545,6.2999999999999545,10.899999999999977,15.399999999999977,19.5,21.700000000000045,-29.5,-32.80000000000001,-33.69999999999999,-32.39999999999998,-29.600000000000023,-29.30000000000001,-31.19999999999999,-31.80000000000001,-30.899999999999977,-27.600000000000023,924.5,359.0
214,215,0,7.133,0.98,1,-27.600000000000023,-22.600000000000023,-16.299999999999955,-10.100000000000023,-4.7000000000000455,6.399999999999977,11.0,15.399999999999977,19.5,21.700000000000045,-29.099999999999966,-32.599999999999966,-33.5,-32.299999999999955,-29.5,-29.099999999999966,-31.0,-31.599999999999966,-30.5,-27.19999999999999,924.5,358.9
215,216,0,7.167,0.98,1,-27.5,-22.399999999999977,-16.200000000000045,-10.100000000000023,-4.600000000000023,6.5,11.100000000000023,15.700000000000045,19.799999999999955,22.0,-28.80000000000001,-32.19999999999999,-33.10000000000002,-31.899999999999977,-29.100000000000023,-28.69999999999999,-30.600000000000023,-31.100000000000023,-30.0,-26.600000000000023,924.0,358.5
216,217,0,7.2,0.98,1,-27.799999999999955,-22.699999999999932,-16.5,-10.299999999999955,-4.7999999999999545,6.2000000000000455,10.900000000000091,15.5,19.700000000000045,22.100000000000023,-28.299999999999955,-31.799999999999955,-32.69999999999999,-31.599999999999966,-28.799999999999955,-28.5,-30.399999999999977,-30.899999999999977,-29.799999999999955,-26.399999999999977,923.8,357.9
217,218,0,7.233,0.98,1,-27.699999999999932,-22.799999999999955,-16.699999999999932,-10.5,-5.100000000000023,5.899999999999977,10.600000000000023,15.200000000000045,19.5,21.899999999999977,-27.80000000000001,-31.30000000000001,-32.30000000000001,-31.19999999999999,-28.600000000000023,-28.399999999999977,-30.30000000000001,-30.80000000000001,-29.600000000000023,-26.19999999999999,923.4,357.0
218,219,0,7.267,0.98,1,-28.0,-23.100000000000023,-17.0,-10.900000000000091,-5.5,5.599999999999909,10.299999999999955,15.0,19.299999999999955,21.799999999999955,-27.399999999999977,-30.899999999999977,-32.0,-31.0,-28.399999999999977,-28.19999999999999,-30.099999999999966,-30.599999999999966,-29.399999999999977,-25.899999999999977,923.2,355.9
219,220,0,7.3,0.93,1,-27.800000000000068,-23.100000000000023,-17.100000000000023,-11.0,-5.600000000000023,5.7999999999999545,10.600000000000023,15.5,19.899999999999977,22.600000000000023,-26.69999999999999,-30.400000000000034,-31.600000000000023,-30.69999999999999,-28.30000000000001,-28.30000000000001,-30.19999999999999,-30.600000000000023,-29.30000000000001,-25.69999999999999,922.1,354.8
220,221,0,7.333,0.93,1,-27.200000000000045,-22.700000000000045,-16.90000000000009,-10.900000000000091,-5.600000000000023,6.0,10.899999999999977,15.799999999999955,20.299999999999955,23.09999999999991,-26.69999999999999,-30.399999999999977,-31.5,-30.80000000000001,-28.5,-28.399999999999977,-30.30000000000001,-30.5,-29.099999999999966,-25.5,921.2,353.7
221,222,0,7.367,0.93,1,-27.5,-23.100000000000023,-17.299999999999955,-11.299999999999955,-6.0,5.600000000000023,10.5,15.399999999999977,20.0,23.0,-26.0,-29.80000000000001,-31.099999999999966,-30.399999999999977,-28.30000000000001,-28.30000000000001,-30.19999999999999,-30.399999999999977,-28.899999999999977,-25.30000000000001,921.0,352.2
222,223,0,7.4,0.93,1,-27.799999999999955,-23.399999999999977,-17.799999999999955,-11.899999999999977,-6.699999999999932,5.2000000000000455,10.0,14.900000000000091,19.5,22.600000000000023,-25.30000000000001,-29.100000000000023,-30.5,-30.100000000000023,-28.100000000000023,-28.30000000000001,-30.100000000000023,-30.399999999999977,-28.899999999999977,-25.30000000000001,920.8,350.5
223,224,0,7.433,0.93,1,-27.799999999999955,-23.5,-17.799999999999955,-12.0,-6.7999999999999545,4.899999999999977,9.799999999999955,14.700000000000045,19.399999999999977,22.600000000000023,-24.80000000000001,-28.80000000000001,-30.30000000000001,-29.899999999999977,-28.0,-28.30000000000001,-30.099999999999966,-30.399999999999977,-29.0,-25.30000000000001,920.5,349.2
224,225,0,7.467,0.93,1,-28.0,-23.700000000000045,-18.0,-12.100000000000023,-6.900000000000091,4.7999999999999545,9.699999999999932,14.599999999999909,19.299999999999955,22.59999999999991,-24.5,-28.5,-30.0,-29.69999999999999,-27.80000000000001,-28.19999999999999,-30.0,-30.30000000000001,-28.80000000000001,-25.19999999999999,920.7,348.5
225,226,0,7.5,0.93,1,-28.299999999999955,-24.0,-18.299999999999955,-12.299999999999955,-7.0,4.600000000000023,9.600000000000023,14.600000000000023,19.399999999999977,22.700000000000045,-24.599999999999966,-28.69999999999999,-30.19999999999999,-29.899999999999977,-28.0,-28.30000000000001,-30.19999999999999,-30.5,-29.099999999999966,-25.399999999999977,921.0,348.7
226,227,0,7.533,0.93,1,-28.199999999999932,-23.899999999999977,-18.199999999999932,-12.199999999999932,-6.7999999999999545,4.7000000000000455,9.700000000000045,14.700000000000045,19.5,22.700000000000045,-25.0,-29.100000000000023,-30.600000000000023,-30.19999999999999,-28.100000000000023,-28.400000000000034,-30.400000000000034,-30.69999999999999,-29.30000000000001,-25.600000000000023,921.3,349.8
227,228,0,7.567,0.93,1,-28.09999999999991,-23.699999999999932,-18.0,-12.099999999999909,-6.7999999999999545,4.900000000000091,9.900000000000091,14.900000000000091,19.700000000000045,23.0,-25.399999999999977,-29.299999999999955,-30.69999999999999,-30.099999999999966,-28.099999999999966,-28.399999999999977,-30.399999999999977,-30.799999999999955,-29.599999999999966,-26.099999999999966,921.8,351.4
228,229,0,7.6,0.93,1,-27.799999999999955,-23.399999999999977,-17.699999999999932,-11.799999999999955,-6.5,5.2000000000000455,10.200000000000045,15.200000000000045,20.0,23.200000000000045,-25.80000000000001,-29.5,-30.80000000000001,-30.200000000000045,-28.100000000000023,-28.400000000000034,-30.400000000000034,-30.900000000000034,-29.700000000000045,-26.30000000000001,922.4,353.1
229,230,0,7.633,0.93,1,-27.800000000000068,-23.399999999999977,-17.700000000000045,-11.700000000000045,-6.399999999999977,5.199999999999932,10.199999999999932,15.299999999999955,20.100000000000023,23.399999999999977,-26.200000000000045,-29.80000000000001,-31.0,-30.30000000000001,-28.100000000000023,-28.400000000000034,-30.600000000000023,-31.200000000000045,-30.100000000000023,-26.700000000000045,923.1,355.1
230,231,0,7.667,0.93,1,-27.399999999999977,-23.0,-17.399999999999977,-11.600000000000023,-6.399999999999977,5.399999999999977,10.5,15.5,20.299999999999955,23.600000000000023,-26.5,-30.100000000000023,-31.19999999999999,-30.5,-28.30000000000001,-28.600000000000023,-30.69999999999999,-31.19999999999999,-30.19999999999999,-26.899999999999977,923.6,356.5
231,232,0,7.7,0.98,1,-27.700000000000045,-23.200000000000045,-17.5,-11.600000000000023,-6.2999999999999545,5.2000000000000455,10.299999999999955,15.5,20.399999999999977,23.700000000000045,-26.399999999999977,-29.899999999999977,-31.0,-30.19999999999999,-28.099999999999966,-28.399999999999977,-30.5,-31.099999999999966,-30.099999999999966,-26.80000000000001,924.5,357.2
232,233,0,7.733,0.98,1,-27.5,-23.0,-17.399999999999977,-11.599999999999909,-6.399999999999977,5.5,10.600000000000023,15.600000000000023,20.5,23.90000000000009,-26.900000000000034,-30.30000000000001,-31.30000000000001,-30.600000000000023,-28.400000000000034,-28.700000000000045,-30.80000000000001,-31.400000000000034,-30.400000000000034,-27.200000000000045,925.3,357.1
233,234,0,7.767,0.98,1,-27.700000000000045,-23.300000000000068,-17.5,-11.700000000000045,-6.399999999999977,5.5,10.699999999999932,15.799999999999955,20.699999999999932,24.100000000000023,-27.0,-30.5,-31.5,-30.700000000000045,-28.600000000000023,-28.80000000000001,-30.900000000000034,-31.400000000000034,-30.400000000000034,-27.100000000000023,926.6,356.6
234,235,0,7.8,0.98,1,-27.899999999999977,-23.299999999999955,-17.5,-11.599999999999909,-6.2999999999999545,5.600000000000023,10.800000000000068,16.0,21.0,24.40000000000009,-27.0,-30.5,-31.5,-30.80000000000001,-28.600000000000023,-28.80000000000001,-30.900000000000034,-31.400000000000034,-30.30000000000001,-26.900000000000034,927.8,355.6
235,236,0,7.833,0.98,1,-27.800000000000068,-23.300000000000068,-17.399999999999977,-11.5,-6.2000000000000455,5.7999999999999545,11.100000000000023,16.299999999999955,21.299999999999955,24.699999999999932,-27.100000000000023,-30.69999999999999,-31.69999999999999,-30.900000000000034,-28.69999999999999,-28.80000000000001,-30.900000000000034,-31.400000000000034,-30.30000000000001,-26.900000000000034,929.1,354.8
236,237,0,7.867,0.98,1,-27.90000000000009,-23.300000000000068,-17.40000000000009,-11.400000000000091,-6.100000000000023,5.899999999999977,11.199999999999932,16.5,21.5,24.799999999999955,-27.299999999999955,-30.799999999999955,-31.799999999999955,-31.0,-28.799999999999955,-28.899999999999977,-30.899999999999977,-31.399999999999977,-30.299999999999955,-26.799999999999955,930.7,354.4
237,238,0,7.9,0.98,1,-28.200000000000045,-23.5,-17.5,-11.399999999999977,-6.0,5.7999999999999545,11.199999999999932,16.5,21.600000000000023,24.899999999999977,-27.600000000000023,-31.19999999999999,-32.10000000000002,-31.19999999999999,-28.80000000000001,-28.900000000000034,-31.0,-31.600000000000023,-30.400000000000034,-27.0,932.6,354.8
238,239,0,7.933,0.98,1,-27.799999999999955,-23.100000000000023,-17.100000000000023,-11.100000000000023,-5.7000000000000455,5.899999999999977,11.399999999999977,16.700000000000045,21.799999999999955,25.0,-28.19999999999999,-31.599999999999966,-32.39999999999998,-31.399999999999977,-29.0,-28.899999999999977,-31.099999999999966,-31.69999999999999,-30.5,-27.099999999999966,934.5,355.7
239,240,0,7.967,0.98,1,-27.700000000000045,-23.0,-17.100000000000023,-11.100000000000023,-5.800000000000068,6.100000000000023,11.399999999999977,16.600000000000023,21.5,24.799999999999955,-28.30000000000001,-31.600000000000023,-32.30000000000001,-31.30000000000001,-29.0,-29.0,-31.200000000000045,-31.80000000000001,-30.80000000000001,-27.5,937.1,356.6
240,241,0,8.0,0.98,1,-27.399999999999977,-22.699999999999932,-16.699999999999932,-10.699999999999932,-5.399999999999977,6.100000000000023,11.400000000000091,16.700000000000045,21.600000000000023,24.90000000000009,-28.600000000000023,-31.69999999999999,-32.39999999999998,-31.19999999999999,-28.80000000000001,-28.80000000000001,-30.899999999999977,-31.600000000000023,-30.600000000000023,-27.30000000000001,939.8,357.5
241,242,0,8.033,0.98,1,-27.399999999999977,-22.700000000000045,-16.700000000000045,-10.700000000000045,-5.300000000000068,6.199999999999932,11.600000000000023,16.899999999999977,21.799999999999955,25.100000000000023,-28.899999999999977,-32.099999999999966,-32.69999999999999,-31.5,-29.099999999999966,-29.099999999999966,-31.299999999999955,-32.0,-31.0,-27.69999999999999,942.6,358.4
242,243,0,8.067,0.98,1,-27.300000000000068,-22.600000000000023,-16.600000000000023,-10.5,-5.2000000000000455,6.5,12.0,17.299999999999955,22.299999999999955,25.5,-29.099999999999966,-32.099999999999966,-32.69999999999999,-31.5,-29.0,-28.899999999999977,-31.099999999999966,-31.799999999999955,-30.69999999999999,-27.5,945.6,358.9
243,244,0,8.1,0.98,1,-27.399999999999977,-22.600000000000023,-16.600000000000023,-10.5,-5.100000000000023,6.699999999999932,12.199999999999932,17.5,22.5,25.699999999999932,-29.5,-32.5,-32.89999999999998,-31.69999999999999,-29.099999999999966,-28.899999999999977,-31.19999999999999,-31.899999999999977,-30.899999999999977,-27.69999999999999,949.1,359.4
244,245,0,8.133,0.98,1,-27.300000000000068,-22.5,-16.40000000000009,-10.300000000000068,-5.0,6.899999999999977,12.299999999999955,17.59999999999991,22.59999999999991,25.799999999999955,-29.80000000000001,-32.700000000000045,-33.10000000000002,-31.80000000000001,-29.200000000000045,-29.0,-31.200000000000045,-31.900000000000034,-30.900000000000034,-27.700000000000045,952.7,359.6
245,246,0,8.167,0.98,1,-27.199999999999932,-22.399999999999977,-16.299999999999955,-10.100000000000023,-4.699999999999932,6.899999999999977,12.5,17.899999999999977,22.899999999999977,26.100000000000023,-30.0,-33.0,-33.30000000000001,-31.900000000000034,-29.30000000000001,-29.0,-31.19999999999999,-31.900000000000034,-30.80000000000001,-27.5,956.4,359.8
246,247,0,8.2,0.98,1,-27.09999999999991,-22.09999999999991,-16.0,-9.799999999999955,-4.399999999999977,7.100000000000023,12.700000000000045,18.100000000000023,23.200000000000045,26.5,-30.399999999999977,-33.299999999999955,-33.599999999999966,-32.19999999999999,-29.5,-29.19999999999999,-31.399999999999977,-32.19999999999999,-31.099999999999966,-27.899999999999977,960.3,359.9
247,248,0,8.233,0.98,1,-27.299999999999955,-22.299999999999955,-16.199999999999932,-10.0,-4.599999999999909,7.0,12.700000000000045,18.200000000000045,23.300000000000068,26.700000000000045,-30.399999999999977,-33.30000000000001,-33.5,-32.099999999999966,-29.399999999999977,-29.19999999999999,-31.399999999999977,-32.19999999999999,-31.19999999999999,-28.0,964.3,359.2
248,249,0,8.267,0.98,1,-26.899999999999977,-22.0,-15.799999999999955,-9.699999999999932,-4.399999999999977,7.100000000000023,12.800000000000068,18.40000000000009,23.5,26.90000000000009,-30.599999999999966,-33.39999999999998,-33.599999999999966,-32.099999999999966,-29.399999999999977,-29.099999999999966,-31.399999999999977,-32.099999999999966,-31.099999999999966,-27.80000000000001,968.3,358.2
249,250,0,8.3,0.98,1,-26.799999999999955,-21.899999999999977,-15.899999999999977,-9.799999999999955,-4.399999999999977,7.300000000000068,13.0,18.600000000000023,23.800000000000068,27.200000000000045,-30.80000000000001,-33.60000000000002,-33.80000000000001,-32.30000000000001,-29.600000000000023,-29.19999999999999,-31.400000000000034,-32.19999999999999,-31.100000000000023,-27.900000000000034,972.3,356.8
250,251,0,8.333,0.98,1,-26.600000000000023,-21.800000000000068,-15.700000000000045,-9.600000000000023,-4.300000000000068,7.399999999999977,13.0,18.600000000000023,23.799999999999955,27.100000000000023,-30.900000000000034,-33.80000000000001,-34.0,-32.5,-29.69999999999999,-29.30000000000001,-31.5,-32.19999999999999,-31.100000000000023,-27.80000000000001,976.6,355.3
251,252,0,8.367,0.98,1,-26.699999999999932,-21.799999999999955,-15.599999999999909,-9.5,-4.199999999999932,7.5,13.300000000000068,18.90000000000009,24.100000000000023,27.5,-31.19999999999999,-34.19999999999999,-34.400000000000034,-32.80000000000001,-30.0,-29.5,-31.69999999999999,-32.30000000000001,-31.19999999999999,-27.900000000000034,980.8,353.8
252,253,0,8.4,0.98,1,-26.700000000000045,-21.800000000000068,-15.600000000000023,-9.5,-4.100000000000023,7.699999999999932,13.399999999999977,19.100000000000023,24.299999999999955,27.600000000000023,-31.0,-33.900000000000034,-34.10000000000002,-32.60000000000002,-29.80000000000001,-29.30000000000001,-31.400000000000034,-31.900000000000034,-30.700000000000045,-27.30000000000001,985.1,352.1
253,254,0,8.433,0.98,1,-26.100000000000023,-21.200000000000045,-15.100000000000023,-9.0,-3.7000000000000455,8.0,13.699999999999932,19.299999999999955,24.5,27.799999999999955,-31.0,-33.89999999999998,-34.10000000000002,-32.60000000000002,-29.80000000000001,-29.19999999999999,-31.19999999999999,-31.69999999999999,-30.399999999999977,-26.899999999999977,989.2,350.5
254,255,0,8.467,0.98,1,-26.299999999999955,-21.200000000000045,-15.100000000000023,-9.0,-3.7000000000000455,8.0,13.700000000000045,19.200000000000045,24.399999999999977,27.700000000000045,-30.900000000000034,-33.80000000000001,-34.0,-32.5,-29.700000000000045,-29.0,-30.900000000000034,-31.30000000000001,-30.0,-26.5,993.5,349.1
255,256,0,8.5,0.98,1,-25.799999999999955,-20.799999999999955,-14.699999999999932,-8.599999999999909,-3.3999999999999773,8.300000000000068,14.0,19.5,24.600000000000023,27.799999999999955,-31.19999999999999,-34.10000000000002,-34.30000000000001,-32.69999999999999,-29.80000000000001,-29.0,-30.900000000000034,-31.19999999999999,-29.80000000000001,-26.19999999999999,997.3,348.3
256,257,0,8.533,0.98,1,-25.399999999999977,-20.399999999999977,-14.299999999999955,-8.399999999999977,-3.199999999999932,8.600000000000023,14.300000000000068,19.700000000000045,24.800000000000068,28.000000000000114,-31.100000000000023,-34.0,-34.19999999999999,-32.60000000000002,-29.80000000000001,-28.900000000000034,-30.600000000000023,-30.900000000000034,-29.5,-25.80000000000001,1000.9,347.8
257,258,0,8.567,0.98,1,-25.300000000000068,-20.300000000000068,-14.200000000000045,-8.300000000000068,-3.1000000000000227,9.0,14.600000000000023,20.100000000000023,25.100000000000023,28.100000000000023,-31.5,-34.400000000000034,-34.60000000000002,-32.900000000000034,-30.100000000000023,-29.0,-30.69999999999999,-30.80000000000001,-29.30000000000001,-25.600000000000023,1004.6,347.8
