frame,face_id,timestamp,confidence,success,x_17,x_18,x_19,x_20,x_21,x_22,x_23,x_24,x_25,x_26,y_17,y_18,y_19,y_20,y_21,y_22,y_23,y_24,y_25,y_26,x_33,y_33
1,0,0.0,0.98,1,908.7,913.2,919.5,926.0,931.9,944.0,949.5,955.1,960.5,964.5,351.0,347.2,345.9,346.5,348.5,347.3,344.3,342.9,343.4,346.6,940.6,378.2
2,0,0.033,0.98,1,909.2,913.6,919.7,926.1,931.9,944.7,950.1,955.6,960.9,964.7,350.9,347.2,346.0,346.6,348.5,347.2,344.3,342.9,343.4,346.4,941.1,378.6
3,0,0.067,0.98,1,909.3,913.7,919.8,926.3,932.2,944.9,950.3,955.8,961.2,965.0,351.1,347.4,346.1,346.6,348.6,347.3,344.3,342.9,343.4,346.4,941.4,378.5
4,0,0.1,0.98,1,909.3,913.7,919.9,926.5,932.5,945.1,950.6,956.1,961.5,965.3,351.3,347.5,346.1,346.7,348.7,347.3,344.3,342.9,343.4,346.5,941.8,378.5
5,0,0.133,0.98,1,909.7,914.0,920.2,926.7,932.7,945.3,950.7,956.2,961.6,965.3,351.3,347.5,346.1,346.7,348.7,347.3,344.4,342.9,343.4,346.5,942.1,378.5
6,0,0.167,0.98,1,910.0,914.4,920.6,927.1,933.0,945.7,951.1,956.5,961.8,965.5,351.3,347.5,346.1,346.7,348.7,347.4,344.5,343.1,343.5,346.6,942.2,378.5
7,0,0.2,0.98,1,910.2,914.6,920.8,927.3,933.3,945.9,951.3,956.7,962.0,965.7,351.3,347.5,346.1,346.7,348.7,347.4,344.4,343.0,343.5,346.5,942.7,378.6
8,0,0.233,0.98,1,910.3,914.7,921.0,927.5,933.5,946.0,951.4,956.9,962.2,966.0,351.4,347.5,346.2,346.8,348.8,347.5,344.6,343.1,343.6,346.7,942.8,378.6
9,0,0.267,0.98,1,910.6,915.0,921.3,927.8,933.7,946.2,951.7,957.1,962.4,966.1,351.5,347.6,346.3,346.9,348.9,347.7,344.8,343.4,343.9,347.0,942.9,379.0
10,0,0.3,0.98,1,910.7,915.1,921.4,927.9,933.8,946.3,951.8,957.3,962.6,966.3,351.5,347.7,346.4,347.0,349.0,347.8,344.9,343.5,344.0,347.2,942.9,379.1
11,0,0.333,0.98,1,910.8,915.2,921.4,927.9,933.8,946.3,951.8,957.3,962.6,966.3,351.6,347.8,346.5,347.1,349.2,348.0,345.0,343.6,344.2,347.3,942.9,379.2
12,0,0.367,0.98,1,910.8,915.3,921.5,928.0,933.9,946.5,951.9,957.3,962.6,966.3,351.7,347.9,346.7,347.4,349.4,348.3,345.3,343.9,344.4,347.5,942.9,379.5
13,0,0.4,0.98,1,910.7,915.1,921.3,927.8,933.7,946.4,951.8,957.2,962.4,966.1,351.8,348.1,346.8,347.5,349.5,348.3,345.3,343.9,344.4,347.5,942.8,379.7
14,0,0.433,0.98,1,910.5,914.9,921.1,927.6,933.4,946.1,951.5,956.9,962.1,965.8,351.8,348.1,346.9,347.6,349.6,348.4,345.4,344.0,344.5,347.6,942.5,379.7
15,0,0.467,0.98,1,910.1,914.6,920.8,927.3,933.2,945.9,951.3,956.7,962.0,965.7,351.8,348.1,346.9,347.6,349.6,348.4,345.5,344.1,344.6,347.7,942.2,379.7
16,0,0.5,0.98,1,909.7,914.2,920.4,926.9,932.8,945.5,950.9,956.4,961.7,965.4,351.9,348.1,346.9,347.6,349.6,348.4,345.5,344.1,344.7,347.8,941.9,379.7
17,0,0.533,0.98,1,909.4,913.9,920.1,926.6,932.5,945.1,950.6,956.1,961.4,965.1,351.7,347.9,346.7,347.4,349.5,348.4,345.5,344.2,344.8,348.0,941.2,379.7
18,0,0.567,0.98,1,908.9,913.4,919.7,926.2,932.1,944.6,950.1,955.7,961.0,964.7,351.6,347.8,346.6,347.3,349.5,348.5,345.6,344.3,344.9,348.2,940.7,379.6
19,0,0.6,0.98,1,908.4,912.8,919.1,925.6,931.5,944.0,949.5,955.0,960.3,964.0,351.7,347.8,346.5,347.2,349.4,348.4,345.5,344.2,344.9,348.1,940.1,379.5
20,0,0.633,0.98,1,907.9,912.2,918.4,924.9,930.9,943.3,948.7,954.2,959.5,963.2,352.1,348.2,346.8,347.4,349.5,348.4,345.6,344.3,344.9,348.1,939.6,379.5
21,0,0.667,0.98,1,907.3,911.6,917.8,924.3,930.3,942.8,948.2,953.6,958.9,962.7,352.2,348.2,346.8,347.5,349.5,348.4,345.6,344.3,344.8,348.0,939.2,379.5
22,0,0.7,0.98,1,906.8,911.1,917.3,923.8,929.8,942.1,947.5,953.0,958.3,962.0,352.3,348.3,346.9,347.6,349.7,348.6,345.7,344.3,344.9,348.1,938.7,379.5
23,0,0.733,0.98,1,906.2,910.5,916.8,923.3,929.3,941.8,947.2,952.6,957.9,961.8,352.2,348.3,346.9,347.5,349.6,348.4,345.5,344.2,344.7,347.8,938.4,379.5
24,0,0.767,0.98,1,905.8,910.1,916.3,922.8,928.8,941.5,946.8,952.2,957.5,961.3,352.1,348.2,346.8,347.4,349.5,348.4,345.5,344.1,344.5,347.6,938.0,379.6
25,0,0.8,0.98,1,905.8,910.0,916.2,922.8,928.8,941.4,946.7,952.2,957.4,961.3,352.2,348.2,346.8,347.4,349.5,348.3,345.4,344.1,344.5,347.6,937.9,379.6
26,0,0.833,0.98,1,905.4,909.7,915.9,922.5,928.6,941.1,946.5,951.9,957.2,961.1,352.3,348.3,346.8,347.5,349.5,348.3,345.4,344.0,344.5,347.7,937.7,379.6
27,0,0.867,0.98,1,905.1,909.4,915.6,922.2,928.2,940.8,946.2,951.7,956.9,960.6,352.3,348.3,346.9,347.5,349.5,348.3,345.4,344.0,344.6,347.8,937.4,379.5
28,0,0.9,0.98,1,904.8,909.1,915.4,922.0,928.0,940.6,946.0,951.5,956.8,960.5,352.4,348.3,346.9,347.5,349.5,348.4,345.5,344.1,344.7,347.9,937.3,379.6
29,0,0.933,0.98,1,904.8,909.1,915.3,921.9,927.9,940.6,945.9,951.4,956.6,960.3,352.5,348.4,346.9,347.5,349.5,348.3,345.4,344.0,344.6,347.8,937.3,379.6
30,0,0.967,0.98,1,904.7,909.0,915.2,921.8,927.8,940.5,945.9,951.4,956.7,960.3,352.5,348.4,347.0,347.5,349.5,348.4,345.5,344.1,344.7,347.9,937.2,379.7
31,0,1.0,0.98,1,904.7,909.0,915.2,921.8,927.8,940.5,945.9,951.3,956.6,960.3,352.5,348.5,347.0,347.6,349.6,348.4,345.5,344.1,344.7,347.9,937.1,379.7
32,0,1.033,0.98,1,904.7,909.0,915.2,921.7,927.7,940.4,945.8,951.3,956.5,960.3,352.5,348.5,347.1,347.6,349.6,348.4,345.5,344.1,344.7,347.8,937.0,379.8
33,0,1.067,0.98,1,904.8,909.1,915.3,921.9,927.9,940.5,945.9,951.3,956.5,960.2,352.6,348.6,347.1,347.7,349.8,348.6,345.7,344.3,344.9,348.1,937.0,379.8
34,0,1.1,0.98,1,904.9,909.1,915.3,921.9,927.9,940.4,945.7,951.1,956.3,959.9,353.3,349.1,347.6,348.1,350.1,348.9,346.0,344.7,345.3,348.5,937.1,379.9
35,0,1.133,0.98,1,905.2,909.3,915.4,922.0,928.0,940.4,945.7,951.0,956.2,959.8,353.8,349.6,347.9,348.3,350.3,349.1,346.2,345.0,345.8,349.1,937.0,379.9
36,0,1.167,0.98,1,905.1,909.2,915.3,921.9,927.9,940.4,945.8,951.2,956.4,960.0,353.7,349.5,347.8,348.2,350.2,349.0,346.2,344.9,345.7,349.1,937.0,379.9
37,0,1.2,0.98,1,904.7,908.9,915.1,921.7,927.7,940.4,945.8,951.2,956.5,960.1,353.1,348.9,347.4,347.9,350.0,348.8,345.9,344.6,345.3,348.5,936.8,379.9
38,0,1.233,0.98,1,904.9,909.2,915.4,921.9,927.9,940.6,946.0,951.4,956.7,960.3,352.5,348.5,347.1,347.7,349.8,348.6,345.8,344.4,345.0,348.2,936.8,379.9
39,0,1.267,0.98,1,904.8,909.1,915.3,921.9,927.9,940.4,945.9,951.3,956.6,960.3,352.3,348.3,346.8,347.5,349.6,348.6,345.7,344.3,344.9,348.1,936.7,379.9
40,0,1.3,0.98,1,904.6,908.9,915.2,921.8,927.8,940.3,945.8,951.3,956.7,960.3,352.1,348.0,346.7,347.3,349.5,348.5,345.5,344.1,344.7,348.0,936.6,379.9
41,0,1.333,0.98,1,904.6,908.9,915.2,921.8,927.8,940.2,945.7,951.3,956.7,960.3,352.0,348.0,346.7,347.4,349.5,348.4,345.5,344.1,344.6,347.9,936.6,380.1
42,0,1.367,0.98,1,904.5,908.8,915.1,921.8,927.8,940.3,945.8,951.4,956.8,960.4,352.0,348.0,346.7,347.4,349.5,348.4,345.4,343.9,344.4,347.6,936.7,380.2
43,0,1.4,0.98,1,904.5,908.8,915.1,921.8,927.8,940.3,945.8,951.3,956.7,960.3,352.1,348.1,346.7,347.4,349.5,348.4,345.4,343.9,344.5,347.7,936.7,380.4
44,0,1.433,0.98,1,904.5,908.9,915.2,921.8,927.8,940.3,945.8,951.3,956.6,960.2,352.1,348.1,346.8,347.5,349.6,348.4,345.5,344.0,344.5,347.7,936.8,380.4
45,0,1.467,0.98,1,904.6,909.0,915.3,921.9,927.9,940.4,945.9,951.4,956.7,960.3,352.1,348.1,346.8,347.5,349.5,348.4,345.4,343.9,344.4,347.6,936.9,380.3
46,0,1.5,0.98,1,904.7,909.1,915.4,922.0,928.0,940.5,946.0,951.5,956.8,960.4,352.0,348.1,346.8,347.5,349.5,348.3,345.4,343.9,344.5,347.6,936.9,380.2
47,0,1.533,0.98,1,905.0,909.4,915.7,922.3,928.3,940.6,946.1,951.5,956.8,960.5,352.0,348.1,346.7,347.4,349.5,348.3,345.4,344.0,344.5,347.7,937.1,380.1
48,0,1.567,0.98,1,904.9,909.4,915.7,922.3,928.2,940.5,946.0,951.5,956.9,960.6,351.8,347.9,346.7,347.5,349.5,348.4,345.5,344.1,344.6,347.8,936.8,380.1
49,0,1.6,0.98,1,905.0,909.4,915.8,922.4,928.4,940.6,946.2,951.7,957.0,960.8,351.9,347.9,346.7,347.4,349.5,348.4,345.5,344.1,344.6,347.8,937.0,380.0
50,0,1.633,0.98,1,905.0,909.4,915.8,922.4,928.4,940.7,946.2,951.7,957.1,960.8,351.9,348.0,346.7,347.4,349.5,348.4,345.5,344.1,344.7,347.9,937.1,380.0
51,0,1.667,0.98,1,905.1,909.5,915.9,922.5,928.5,940.8,946.3,951.8,957.1,960.8,352.0,348.1,346.7,347.4,349.5,348.4,345.5,344.1,344.6,347.9,937.3,379.9
52,0,1.7,0.98,1,905.1,909.5,915.8,922.5,928.5,940.8,946.3,951.8,957.1,960.8,352.2,348.2,346.8,347.4,349.5,348.4,345.5,344.1,344.7,348.0,937.4,379.8
53,0,1.733,0.98,1,905.2,909.7,916.0,922.6,928.6,941.0,946.4,951.9,957.2,960.9,352.2,348.2,346.9,347.5,349.6,348.4,345.5,344.2,344.7,348.0,937.6,379.7
54,0,1.767,0.98,1,905.3,909.8,916.1,922.7,928.7,941.0,946.4,951.9,957.2,961.0,352.2,348.3,347.0,347.6,349.6,348.5,345.6,344.2,344.8,348.0,937.6,379.7
55,0,1.8,0.98,1,905.5,910.0,916.4,922.9,928.9,941.2,946.6,952.1,957.4,961.1,352.2,348.3,347.0,347.7,349.7,348.5,345.6,344.2,344.8,347.9,937.9,379.7
56,0,1.833,0.98,1,905.6,910.2,916.5,923.1,929.0,941.4,946.9,952.3,957.6,961.3,352.1,348.3,347.0,347.7,349.7,348.5,345.6,344.2,344.7,347.9,938.0,379.7
57,0,1.867,0.98,1,905.8,910.4,916.7,923.2,929.2,941.6,947.0,952.4,957.6,961.3,352.1,348.3,347.0,347.7,349.7,348.5,345.6,344.2,344.8,347.9,938.1,379.8
58,0,1.9,0.98,1,905.9,910.5,916.8,923.3,929.2,941.7,947.0,952.4,957.6,961.3,352.0,348.2,347.0,347.7,349.7,348.5,345.6,344.2,344.7,347.8,938.2,379.8
59,0,1.933,0.98,1,906.2,910.7,917.0,923.5,929.5,941.9,947.3,952.7,957.9,961.6,352.1,348.3,347.0,347.7,349.7,348.5,345.7,344.3,344.9,348.0,938.4,379.8
60,0,1.967,0.98,1,906.2,910.7,917.0,923.6,929.5,942.0,947.3,952.7,957.9,961.5,352.3,348.4,347.1,347.7,349.7,348.5,345.7,344.3,344.9,348.1,938.5,379.9
61,0,2.0,0.98,1,906.1,910.6,917.0,923.5,929.4,941.9,947.3,952.7,957.9,961.6,352.3,348.4,347.1,347.8,349.8,348.6,345.8,344.4,344.8,348.0,938.6,380.0
62,0,2.033,0.98,1,906.2,910.7,917.0,923.6,929.5,942.0,947.4,952.8,958.0,961.6,352.4,348.5,347.1,347.8,349.8,348.7,345.8,344.4,345.0,348.1,938.7,380.0
63,0,2.067,0.98,1,906.2,910.8,917.1,923.6,929.6,942.1,947.4,952.8,958.0,961.7,352.4,348.5,347.2,347.8,349.8,348.7,345.8,344.4,344.9,348.1,938.8,380.0
64,0,2.1,0.98,1,906.4,911.0,917.3,923.9,929.9,942.2,947.6,953.0,958.2,961.8,352.5,348.6,347.3,347.9,349.9,348.7,345.9,344.5,345.0,348.2,938.9,380.0
65,0,2.133,0.98,1,906.4,911.0,917.3,923.9,929.8,942.2,947.6,953.0,958.2,961.8,352.5,348.6,347.3,347.9,349.9,348.7,345.8,344.4,344.9,348.1,938.9,380.0
66,0,2.167,0.98,1,906.6,911.1,917.4,923.9,929.9,942.3,947.7,953.0,958.2,961.8,352.4,348.6,347.3,347.9,349.9,348.7,345.8,344.4,344.9,348.1,939.0,380.0
67,0,2.2,0.98,1,906.5,911.0,917.3,923.9,929.8,942.3,947.6,953.0,958.2,961.9,352.4,348.6,347.3,348.0,350.0,348.7,345.8,344.4,344.9,348.0,939.0,380.1
68,0,2.233,0.98,1,906.3,910.8,917.2,923.8,929.9,942.3,947.7,953.1,958.3,962.0,352.6,348.6,347.3,347.9,350.0,348.7,345.8,344.3,344.9,348.1,939.1,380.1
69,0,2.267,0.98,1,906.3,910.7,917.1,923.8,929.9,942.3,947.7,953.1,958.4,962.0,352.7,348.7,347.3,347.9,350.0,348.8,345.8,344.4,344.9,348.2,939.1,380.1
70,0,2.3,0.98,1,906.2,910.7,917.1,923.8,929.9,942.2,947.7,953.1,958.4,962.0,352.8,348.8,347.4,348.0,350.0,348.8,345.9,344.4,345.0,348.2,939.2,380.2
71,0,2.333,0.98,1,906.2,910.7,917.2,923.9,930.0,942.3,947.7,953.1,958.4,962.0,352.8,348.8,347.4,348.0,350.1,348.9,345.9,344.4,345.0,348.2,939.2,380.2
72,0,2.367,0.98,1,906.2,910.7,917.2,923.9,930.0,942.3,947.7,953.2,958.5,962.1,352.8,348.8,347.4,348.0,350.1,348.9,345.9,344.4,345.0,348.2,939.3,380.2
73,0,2.4,0.98,1,906.4,910.9,917.3,923.9,929.9,942.4,947.8,953.1,958.3,961.9,352.6,348.6,347.3,347.9,349.9,348.7,345.8,344.3,344.8,348.0,939.3,380.4
74,0,2.433,0.98,1,906.4,910.8,917.2,924.0,930.1,942.5,947.9,953.3,958.6,962.1,352.7,348.7,347.3,347.9,349.9,348.7,345.8,344.3,344.9,348.1,939.4,380.4
75,0,2.467,0.98,1,906.4,910.8,917.3,924.0,930.1,942.5,947.9,953.3,958.5,962.1,352.7,348.7,347.3,347.9,350.0,348.8,345.8,344.3,344.9,348.1,939.5,380.5
76,0,2.5,0.98,1,906.4,910.8,917.3,924.0,930.1,942.5,947.9,953.3,958.5,962.0,352.9,348.8,347.4,348.0,350.0,348.8,345.8,344.3,344.9,348.1,939.5,380.6
77,0,2.533,0.98,1,906.4,910.9,917.3,924.0,930.1,942.5,947.9,953.3,958.5,962.1,352.9,348.9,347.5,348.1,350.1,348.9,345.9,344.4,344.9,348.1,939.5,380.6
78,0,2.567,0.98,1,906.5,911.0,917.5,924.2,930.2,942.5,947.9,953.3,958.5,962.0,352.9,348.9,347.6,348.2,350.3,349.1,346.2,344.7,345.2,348.4,939.5,380.7
79,0,2.6,0.98,1,906.5,911.0,917.4,924.1,930.2,942.5,947.9,953.3,958.5,962.0,352.9,348.9,347.5,348.2,350.2,349.0,346.1,344.6,345.1,348.3,939.5,380.7
80,0,2.633,0.98,1,906.7,911.0,917.4,924.2,930.2,942.6,947.9,953.3,958.4,961.8,353.2,349.1,347.7,348.3,350.3,349.1,346.2,344.8,345.3,348.6,939.6,380.7
81,0,2.667,0.93,1,907.3,911.3,917.5,924.2,930.3,942.7,947.9,953.1,958.0,961.4,354.7,350.4,348.6,348.9,350.8,349.6,346.7,345.4,346.2,349.6,939.7,380.9
82,0,2.7,0.93,1,906.8,910.8,917.2,924.1,930.4,942.2,947.2,952.3,957.2,960.5,355.9,351.3,349.2,349.4,351.3,349.9,346.9,345.4,346.0,349.4,940.3,381.0
83,0,2.733,0.93,1,906.3,910.5,917.0,923.9,930.3,942.2,947.2,952.3,957.3,960.6,355.6,351.0,349.0,349.3,351.2,349.7,346.7,345.1,345.6,348.9,940.4,380.9
84,0,2.767,0.98,1,905.9,910.2,916.8,923.7,930.2,942.1,947.1,952.3,957.4,960.7,355.3,350.7,348.7,349.0,351.0,349.6,346.5,344.9,345.3,348.6,940.4,380.9
85,0,2.8,0.98,1,905.8,910.2,916.8,923.8,930.2,942.2,947.2,952.4,957.4,960.7,354.9,350.5,348.6,349.0,351.0,349.6,346.5,344.9,345.2,348.4,940.4,381.1
86,0,2.833,0.98,1,905.9,910.4,917.0,923.9,930.3,942.2,947.3,952.4,957.5,960.8,354.7,350.3,348.6,349.0,351.1,349.6,346.6,344.9,345.1,348.3,940.3,381.0
87,0,2.867,0.98,1,905.7,910.2,916.9,923.8,930.2,942.2,947.2,952.4,957.5,960.9,354.7,350.3,348.5,349.0,351.0,349.6,346.6,344.9,345.1,348.3,940.3,380.9
88,0,2.9,0.98,1,905.7,910.3,916.9,923.8,930.2,942.1,947.1,952.3,957.4,960.8,354.6,350.3,348.5,349.0,351.0,349.6,346.6,345.0,345.2,348.3,940.2,380.9
89,0,2.933,0.98,1,905.6,910.2,916.9,923.8,930.2,942.1,947.1,952.3,957.5,960.9,354.6,350.2,348.5,349.0,351.0,349.7,346.7,345.0,345.3,348.4,940.1,380.9
90,0,2.967,0.98,1,905.6,910.2,916.9,923.8,930.3,942.0,947.1,952.3,957.5,960.9,354.5,350.2,348.4,348.9,351.0,349.7,346.7,345.1,345.3,348.5,940.0,380.8
91,0,3.0,0.98,1,906.4,910.9,917.3,923.9,929.9,942.5,947.8,953.0,958.1,961.6,353.3,349.4,348.0,348.6,350.6,349.3,346.4,345.0,345.4,348.4,939.3,380.9
92,0,3.033,0.98,1,906.6,911.1,917.5,924.0,930.0,942.6,948.0,953.2,958.3,961.8,353.1,349.3,347.9,348.6,350.5,349.3,346.4,345.0,345.5,348.5,939.2,380.8
93,0,3.067,0.98,1,906.6,911.1,917.5,924.1,930.1,942.6,947.9,953.2,958.3,961.8,353.1,349.2,347.9,348.6,350.6,349.4,346.4,345.0,345.5,348.6,939.2,380.8
94,0,3.1,0.98,1,906.7,911.2,917.6,924.2,930.1,942.7,948.0,953.3,958.4,961.9,353.0,349.2,347.9,348.5,350.6,349.4,346.5,345.0,345.5,348.6,939.2,380.8
95,0,3.133,0.98,1,906.9,911.4,917.8,924.3,930.3,942.8,948.1,953.4,958.5,962.0,353.0,349.2,347.9,348.5,350.5,349.4,346.4,345.0,345.5,348.6,939.4,380.8
96,0,3.167,0.98,1,907.0,911.5,917.9,924.5,930.4,942.9,948.2,953.5,958.6,962.1,353.0,349.2,347.9,348.5,350.5,349.4,346.5,345.0,345.5,348.7,939.5,380.8
97,0,3.2,0.98,1,907.1,911.7,918.0,924.6,930.5,943.0,948.3,953.6,958.7,962.2,353.0,349.2,347.9,348.6,350.6,349.4,346.5,345.0,345.5,348.6,939.6,380.9
98,0,3.233,0.98,1,907.2,911.7,918.0,924.7,930.6,943.2,948.5,953.8,958.9,962.4,353.0,349.2,347.9,348.6,350.6,349.4,346.5,345.0,345.5,348.7,939.8,380.8
99,0,3.267,0.98,1,907.2,911.7,918.1,924.7,930.7,943.2,948.6,953.9,959.0,962.5,353.1,349.2,347.9,348.6,350.6,349.4,346.5,345.0,345.6,348.7,939.8,380.8
100,0,3.3,0.98,1,907.2,911.7,918.2,924.8,930.9,943.3,948.7,954.0,959.2,962.8,353.0,349.2,347.9,348.6,350.6,349.4,346.4,345.0,345.5,348.7,939.8,380.8
101,0,3.333,0.98,1,907.2,911.7,918.1,924.8,930.8,943.4,948.8,954.1,959.2,962.8,353.0,349.1,347.8,348.5,350.5,349.3,346.4,344.9,345.5,348.6,939.8,380.8
102,0,3.367,0.98,1,907.3,911.8,918.1,924.7,930.7,943.5,948.8,954.1,959.2,962.7,353.1,349.2,347.8,348.5,350.5,349.3,346.4,345.0,345.5,348.7,939.9,380.8
103,0,3.4,0.98,1,907.4,911.9,918.2,924.9,930.9,943.5,948.8,954.1,959.2,962.7,353.0,349.1,347.8,348.5,350.5,349.3,346.4,345.0,345.5,348.7,939.9,380.8
104,0,3.433,0.98,1,907.5,911.9,918.3,924.9,930.9,943.5,948.8,954.2,959.3,962.8,353.1,349.2,347.9,348.6,350.5,349.4,346.4,345.0,345.6,348.7,940.0,380.8
105,0,3.467,0.98,1,907.4,911.9,918.2,924.9,930.9,943.4,948.7,954.1,959.2,962.8,353.2,349.2,347.9,348.5,350.5,349.3,346.4,344.9,345.5,348.6,940.1,380.8
106,0,3.5,0.98,1,907.4,911.9,918.2,924.9,930.9,943.5,948.8,954.1,959.1,962.7,353.2,349.3,348.0,348.6,350.6,349.4,346.4,344.9,345.4,348.5,940.2,380.8
107,0,3.533,0.98,1,907.4,911.9,918.3,925.0,931.0,943.5,948.8,954.1,959.2,962.8,353.2,349.3,348.0,348.6,350.6,349.4,346.4,345.0,345.5,348.6,940.2,380.8
108,0,3.567,0.98,1,907.1,911.7,918.3,925.2,931.4,943.4,948.6,953.9,959.0,962.5,353.7,349.6,348.1,348.7,350.9,349.6,346.6,345.0,345.4,348.6,940.7,380.8
109,0,3.6,0.98,1,906.9,911.5,918.2,925.2,931.5,943.3,948.4,953.6,958.7,962.1,354.4,350.0,348.4,348.9,351.0,349.7,346.6,345.0,345.3,348.6,941.2,380.9
110,0,3.633,0.98,1,906.8,911.4,918.0,925.0,931.4,943.2,948.3,953.5,958.6,962.0,354.5,350.1,348.4,348.9,351.0,349.6,346.6,344.9,345.3,348.5,941.2,380.9
111,0,3.667,0.98,1,906.7,911.3,918.0,925.0,931.4,943.2,948.3,953.5,958.7,962.0,354.5,350.1,348.4,348.9,350.9,349.6,346.5,344.9,345.2,348.5,941.2,380.9
112,0,3.7,0.98,1,906.6,911.2,917.8,924.8,931.2,943.2,948.3,953.5,958.6,962.0,354.5,350.1,348.4,348.8,350.9,349.5,346.4,344.8,345.2,348.4,941.2,380.8
113,0,3.733,0.98,1,906.4,911.0,917.7,924.6,931.1,943.1,948.2,953.5,958.6,962.0,354.4,350.0,348.3,348.8,350.8,349.4,346.4,344.7,345.1,348.3,941.1,380.8
114,0,3.767,0.98,1,906.2,910.9,917.6,924.5,930.9,942.9,948.0,953.2,958.3,961.7,354.3,350.1,348.4,348.8,350.9,349.4,346.3,344.6,344.9,348.1,941.1,380.8
115,0,3.8,0.98,1,906.2,910.9,917.5,924.5,930.9,942.9,948.0,953.2,958.3,961.7,354.4,350.1,348.4,348.8,350.8,349.4,346.3,344.6,344.8,348.0,941.1,380.8
116,0,3.833,0.98,1,906.2,910.8,917.4,924.4,930.8,942.7,947.8,953.1,958.2,961.6,354.4,350.1,348.3,348.7,350.7,349.2,346.1,344.4,344.7,347.9,941.0,380.9
117,0,3.867,0.98,1,906.2,910.8,917.4,924.4,930.8,942.8,947.9,953.1,958.3,961.6,354.3,349.9,348.1,348.6,350.6,349.1,346.0,344.4,344.7,348.0,941.0,380.9
118,0,3.9,0.98,1,906.2,910.8,917.4,924.4,930.8,942.8,947.9,953.1,958.3,961.6,354.2,349.8,348.1,348.5,350.5,349.1,346.0,344.3,344.6,347.9,941.0,380.9
119,0,3.933,0.98,1,906.1,910.8,917.5,924.4,930.9,942.9,948.0,953.3,958.4,961.7,354.1,349.7,348.0,348.4,350.5,349.0,345.9,344.2,344.6,347.9,941.0,380.9
120,0,3.967,0.98,1,906.1,910.8,917.4,924.4,930.8,942.9,948.0,953.3,958.4,961.7,354.1,349.8,348.0,348.4,350.5,349.0,345.9,344.3,344.6,347.9,941.1,380.9
121,0,4.0,0.98,1,906.3,911.0,917.7,924.6,930.9,943.0,948.1,953.4,958.5,961.8,353.9,349.6,347.9,348.4,350.5,349.0,345.9,344.3,344.5,347.8,941.0,380.9
122,0,4.033,0.98,1,906.3,911.0,917.7,924.6,931.0,943.0,948.1,953.3,958.4,961.8,354.1,349.7,348.0,348.5,350.5,349.0,346.0,344.3,344.6,347.9,941.0,380.8
123,0,4.067,0.98,1,906.3,911.0,917.7,924.6,931.0,942.9,948.0,953.3,958.4,961.8,354.2,349.8,348.0,348.5,350.5,349.0,346.0,344.4,344.7,348.0,941.0,380.8
124,0,4.1,0.98,1,906.4,911.1,917.8,924.7,931.0,943.0,948.1,953.3,958.4,961.8,354.1,349.7,348.0,348.5,350.4,349.0,346.0,344.4,344.7,348.0,941.0,380.8
125,0,4.133,0.98,1,906.4,911.2,917.9,924.8,931.2,943.1,948.3,953.6,958.7,962.1,353.9,349.6,347.9,348.4,350.4,349.0,346.0,344.4,344.7,348.0,941.0,380.8
126,0,4.167,0.98,1,906.5,911.3,918.1,925.0,931.3,943.2,948.3,953.6,958.7,962.1,353.8,349.5,347.9,348.4,350.4,349.0,346.0,344.4,344.7,348.0,941.0,380.8
127,0,4.2,0.98,1,906.5,911.3,918.1,925.0,931.4,943.2,948.3,953.6,958.8,962.1,353.8,349.5,347.8,348.4,350.4,349.0,346.1,344.5,344.8,348.1,941.0,380.8
128,0,4.233,0.98,1,906.5,911.2,918.1,925.1,931.4,943.2,948.4,953.7,958.8,962.2,353.9,349.5,347.8,348.3,350.4,349.1,346.0,344.4,344.8,348.1,941.1,380.7
129,0,4.267,0.98,1,906.7,911.4,918.1,925.1,931.4,943.3,948.5,953.7,958.9,962.2,353.8,349.4,347.8,348.3,350.3,349.0,346.0,344.3,344.7,348.1,941.1,380.9
130,0,4.3,0.98,1,906.9,911.6,918.3,925.2,931.5,943.4,948.6,953.9,959.0,962.3,353.7,349.4,347.7,348.2,350.3,348.9,345.9,344.3,344.6,348.0,941.1,381.1
131,0,4.333,0.98,1,906.8,911.4,918.2,925.2,931.5,943.4,948.6,954.0,959.2,962.4,353.9,349.4,347.7,348.2,350.3,348.9,345.8,344.2,344.6,348.0,941.2,381.1
132,0,4.367,0.98,1,906.9,911.5,918.3,925.3,931.6,943.5,948.7,954.1,959.2,962.5,353.8,349.4,347.7,348.2,350.3,348.9,345.8,344.2,344.6,348.0,941.3,381.1
133,0,4.4,0.98,1,906.7,911.4,918.2,925.3,931.7,943.6,948.8,954.2,959.4,962.7,354.0,349.5,347.7,348.2,350.3,348.9,345.8,344.2,344.6,348.0,941.4,381.0
134,0,4.433,0.98,1,906.7,911.4,918.3,925.3,931.8,943.7,948.9,954.3,959.5,962.8,353.9,349.4,347.7,348.2,350.2,348.9,345.8,344.2,344.6,348.1,941.5,381.0
135,0,4.467,0.98,1,907.1,911.8,918.6,925.7,932.1,944.0,949.2,954.5,959.7,963.0,353.6,349.2,347.5,348.0,350.1,348.8,345.8,344.2,344.7,348.2,941.6,380.9
136,0,4.5,0.98,1,907.4,912.1,918.8,925.8,932.2,944.1,949.3,954.6,959.7,963.0,353.7,349.2,347.5,348.0,350.1,348.8,345.8,344.2,344.7,348.2,941.6,380.9
137,0,4.533,0.98,1,907.5,912.1,918.9,925.9,932.3,944.4,949.6,954.9,960.0,963.2,353.8,349.2,347.5,347.9,350.0,348.7,345.7,344.2,344.7,348.2,941.8,381.0
138,0,4.567,0.98,1,907.5,912.1,918.9,926.0,932.4,944.6,949.8,955.1,960.2,963.3,353.8,349.2,347.4,347.9,350.0,348.7,345.7,344.2,344.7,348.2,942.0,381.1
139,0,4.6,0.98,1,907.6,912.2,919.0,926.1,932.5,944.7,949.9,955.2,960.3,963.5,353.7,349.2,347.4,347.9,350.0,348.7,345.7,344.1,344.6,348.1,942.1,381.1
140,0,4.633,0.98,1,907.6,912.3,919.1,926.3,932.6,944.7,949.9,955.3,960.4,963.6,353.7,349.1,347.4,347.9,350.0,348.7,345.7,344.1,344.5,348.0,942.2,381.1
141,0,4.667,0.98,1,907.8,912.5,919.3,926.5,932.9,944.8,950.1,955.4,960.5,963.7,353.6,349.1,347.3,347.8,350.0,348.7,345.7,344.1,344.6,348.1,942.3,381.1
142,0,4.7,0.98,1,907.8,912.5,919.5,926.6,933.1,944.9,950.1,955.3,960.5,963.7,353.7,349.1,347.4,347.9,350.0,348.8,345.7,344.1,344.6,348.1,942.6,381.1
143,0,4.733,0.98,1,908.0,912.8,919.7,926.7,933.2,944.9,950.1,955.3,960.4,963.7,353.4,349.0,347.3,347.8,349.9,348.7,345.7,344.2,344.6,348.0,942.5,381.0
144,0,4.767,0.98,1,907.9,912.7,919.6,926.7,933.2,945.0,950.2,955.5,960.6,963.9,353.5,349.0,347.2,347.7,349.8,348.6,345.6,344.1,344.5,348.0,942.6,381.1
145,0,4.8,0.98,1,908.1,912.8,919.7,926.8,933.3,945.0,950.2,955.5,960.6,963.8,353.4,348.9,347.1,347.7,349.8,348.7,345.6,344.0,344.5,348.0,942.5,381.2
146,0,4.833,0.98,1,908.3,912.9,919.8,927.0,933.5,945.0,950.3,955.6,960.7,963.9,353.5,348.9,347.1,347.7,349.8,348.6,345.6,344.0,344.5,348.0,942.6,381.3
147,0,4.867,0.98,1,908.1,912.8,919.7,926.9,933.4,945.0,950.3,955.6,960.8,963.9,353.6,349.1,347.3,347.8,350.0,348.7,345.6,344.0,344.4,347.8,942.7,381.3
148,0,4.9,0.98,1,908.1,912.7,919.6,926.8,933.3,945.0,950.2,955.4,960.6,963.8,353.9,349.4,347.6,348.0,350.1,348.7,345.6,343.9,344.3,347.6,942.9,381.3
149,0,4.933,0.98,1,908.2,912.8,919.6,926.8,933.3,945.0,950.1,955.3,960.5,963.7,354.2,349.6,347.7,348.1,350.2,348.8,345.7,344.0,344.3,347.7,943.1,381.0
150,0,4.967,0.98,1,908.4,913.0,919.8,926.8,933.3,945.1,950.2,955.4,960.5,963.8,354.4,349.8,348.0,348.4,350.4,348.9,345.9,344.2,344.5,347.9,943.4,380.9
151,0,5.0,0.98,1,908.5,913.1,919.8,926.9,933.3,945.1,950.2,955.5,960.6,963.9,354.6,350.0,348.1,348.5,350.6,349.1,346.1,344.5,344.8,348.2,943.3,380.9
152,0,5.033,0.98,1,908.7,913.3,920.1,927.1,933.6,945.3,950.4,955.7,960.9,964.2,354.7,350.1,348.2,348.6,350.7,349.3,346.2,344.6,345.0,348.4,943.5,380.9
153,0,5.067,0.98,1,908.8,913.5,920.2,927.2,933.7,945.6,950.8,956.0,961.2,964.5,354.7,350.1,348.2,348.6,350.7,349.3,346.3,344.8,345.1,348.5,943.7,381.1
154,0,5.1,0.98,1,909.0,913.7,920.5,927.5,934.0,945.9,951.0,956.2,961.4,964.7,354.6,350.0,348.2,348.7,350.8,349.5,346.5,345.0,345.3,348.7,943.9,381.4
155,0,5.133,0.98,1,909.5,914.1,920.9,927.9,934.2,946.1,951.2,956.5,961.6,964.9,354.6,350.1,348.3,348.7,350.8,349.5,346.5,344.9,345.3,348.7,944.1,381.6
156,0,5.167,0.98,1,909.5,914.1,920.9,927.9,934.3,946.1,951.2,956.5,961.6,964.9,354.7,350.1,348.3,348.7,350.8,349.5,346.5,344.9,345.3,348.8,944.2,381.7
157,0,5.2,0.98,1,909.7,914.3,921.1,928.2,934.6,946.3,951.5,956.8,961.9,965.2,354.8,350.2,348.4,348.8,350.9,349.6,346.6,345.1,345.6,349.1,944.3,381.8
158,0,5.233,0.98,1,909.6,914.2,921.1,928.1,934.5,946.3,951.4,956.7,961.8,965.0,354.9,350.3,348.4,348.8,350.9,349.6,346.6,345.1,345.6,349.2,944.3,381.7
159,0,5.267,0.98,1,909.3,913.9,920.7,927.8,934.1,946.0,951.1,956.4,961.5,964.8,354.8,350.2,348.4,348.9,351.0,349.8,346.8,345.3,345.8,349.3,943.8,382.0
160,0,5.3,0.98,1,908.9,913.6,920.4,927.4,933.8,945.6,950.8,956.1,961.2,964.5,354.9,350.3,348.5,349.0,351.2,350.1,347.2,345.7,346.2,349.7,943.3,382.4
161,0,5.333,0.98,1,908.6,913.3,920.1,927.1,933.4,945.4,950.6,955.9,961.1,964.3,355.1,350.6,348.8,349.3,351.4,350.3,347.4,346.0,346.5,350.0,942.9,382.7
162,0,5.367,0.98,1,908.2,912.8,919.6,926.6,933.0,944.9,950.2,955.5,960.7,964.0,355.3,350.8,349.0,349.5,351.6,350.5,347.6,346.2,346.7,350.2,942.5,382.9
163,0,5.4,0.98,1,908.0,912.6,919.4,926.4,932.8,944.7,950.0,955.4,960.6,963.9,355.6,351.0,349.2,349.7,351.9,350.8,347.9,346.5,347.1,350.7,942.2,383.2
164,0,5.433,0.98,1,908.3,912.8,919.2,926.0,932.0,944.7,950.1,955.6,960.8,964.3,355.0,350.7,349.2,349.8,351.8,350.8,347.9,346.6,347.3,350.8,941.2,383.4
165,0,5.467,0.98,1,908.4,912.9,919.3,926.0,932.1,944.8,950.2,955.7,960.9,964.3,354.9,350.7,349.3,349.9,351.9,350.9,348.1,346.8,347.5,350.9,941.1,383.5
166,0,5.5,0.98,1,908.5,913.0,919.5,926.2,932.2,944.8,950.3,955.7,960.9,964.4,354.8,350.7,349.4,350.0,352.1,351.1,348.3,347.0,347.6,351.0,941.1,383.6
167,0,5.533,0.98,1,908.4,912.9,919.4,926.1,932.2,944.8,950.2,955.7,960.9,964.4,354.9,350.8,349.4,350.1,352.2,351.2,348.3,347.0,347.7,351.1,941.0,383.6
168,0,5.567,0.98,1,908.2,912.6,919.1,925.9,932.0,944.7,950.2,955.7,960.9,964.4,355.1,350.9,349.5,350.1,352.1,351.1,348.3,347.0,347.8,351.2,940.9,383.7
169,0,5.6,0.98,1,908.1,912.5,919.0,925.7,931.8,944.6,950.1,955.5,960.7,964.2,355.3,351.1,349.6,350.2,352.2,351.2,348.3,347.0,347.8,351.2,940.8,383.8
170,0,5.633,0.98,1,908.0,912.4,918.9,925.7,931.8,944.6,950.1,955.6,960.8,964.2,355.3,351.1,349.6,350.2,352.2,351.2,348.4,347.1,347.8,351.3,940.8,383.8
171,0,5.667,0.98,1,908.0,912.4,918.9,925.7,931.8,944.6,950.1,955.6,960.8,964.3,355.2,351.1,349.6,350.2,352.2,351.2,348.4,347.1,347.9,351.4,940.7,383.8
172,0,5.7,0.98,1,907.9,912.4,918.9,925.7,931.8,944.5,950.1,955.6,960.9,964.3,355.3,351.1,349.6,350.2,352.3,351.3,348.4,347.2,348.0,351.5,940.7,383.8
173,0,5.733,0.98,1,907.7,912.1,918.6,925.5,931.6,944.4,949.9,955.4,960.7,964.2,355.5,351.3,349.7,350.3,352.3,351.3,348.4,347.1,347.9,351.4,940.6,383.9
174,0,5.767,0.98,1,907.7,912.2,918.7,925.5,931.6,944.3,949.9,955.4,960.6,964.2,355.4,351.2,349.8,350.4,352.4,351.3,348.5,347.1,347.9,351.4,940.6,383.9
175,0,5.8,0.98,1,907.7,912.2,918.7,925.5,931.6,944.3,949.8,955.3,960.6,964.2,355.6,351.4,350.0,350.6,352.6,351.5,348.6,347.2,347.9,351.3,940.7,384.0
176,0,5.833,0.98,1,907.7,912.2,918.7,925.6,931.8,944.3,949.9,955.3,960.6,964.1,355.7,351.5,350.1,350.6,352.6,351.6,348.7,347.3,348.0,351.4,940.8,384.1
177,0,5.867,0.98,1,907.7,912.1,918.7,925.5,931.7,944.3,949.8,955.3,960.5,964.1,355.9,351.8,350.3,350.8,352.8,351.7,348.7,347.3,348.0,351.4,940.9,384.2
178,0,5.9,0.98,1,907.1,911.8,918.6,925.7,932.1,944.1,949.4,954.7,959.9,963.3,356.8,352.3,350.6,351.1,353.2,352.0,348.9,347.4,348.0,351.5,941.7,384.3
179,0,5.933,0.98,1,907.1,911.8,918.6,925.6,932.1,944.2,949.4,954.7,959.9,963.3,357.1,352.5,350.7,351.1,353.2,351.9,348.9,347.4,348.0,351.5,941.9,384.3
180,0,5.967,0.98,1,907.1,911.8,918.6,925.8,932.2,944.2,949.5,954.8,960.0,963.4,357.3,352.6,350.8,351.2,353.3,352.0,349.0,347.5,348.0,351.5,942.0,384.3
181,0,6.0,0.98,1,907.4,912.1,918.9,926.0,932.5,944.6,949.8,955.2,960.4,963.8,357.3,352.7,350.9,351.3,353.3,352.0,349.1,347.5,348.0,351.5,942.3,384.5
182,0,6.033,0.98,1,907.6,912.3,919.1,926.2,932.7,944.8,950.0,955.3,960.5,963.9,357.4,352.8,351.0,351.4,353.4,352.1,349.1,347.6,348.1,351.6,942.6,384.5
183,0,6.067,0.98,1,907.7,912.4,919.2,926.3,932.8,944.9,950.2,955.5,960.7,964.1,357.4,352.8,350.9,351.4,353.4,352.1,349.2,347.7,348.1,351.7,942.7,384.5
184,0,6.1,0.98,1,908.0,912.7,919.6,926.7,933.2,945.1,950.3,955.7,960.9,964.4,357.4,352.8,351.0,351.4,353.5,352.2,349.2,347.7,348.1,351.7,943.0,384.5
185,0,6.133,0.98,1,908.1,912.9,919.9,927.1,933.6,945.5,950.7,956.1,961.3,964.7,357.4,352.8,350.9,351.4,353.5,352.3,349.3,347.7,348.2,351.8,943.3,384.6
186,0,6.167,0.98,1,908.4,913.1,920.0,927.2,933.8,945.5,950.7,956.1,961.3,964.7,357.5,352.8,351.0,351.4,353.5,352.3,349.3,347.8,348.3,351.8,943.5,384.5
187,0,6.2,0.98,1,908.6,913.3,920.3,927.5,934.0,945.8,951.0,956.4,961.6,965.0,357.4,352.7,350.9,351.4,353.5,352.3,349.2,347.7,348.2,351.8,943.7,384.5
188,0,6.233,0.98,1,908.8,913.6,920.5,927.7,934.2,946.0,951.2,956.5,961.8,965.1,357.3,352.7,350.9,351.4,353.5,352.3,349.2,347.7,348.2,351.7,943.9,384.5
189,0,6.267,0.98,1,908.9,913.7,920.6,927.8,934.3,946.1,951.3,956.6,961.8,965.2,357.2,352.6,350.8,351.3,353.4,352.2,349.2,347.7,348.2,351.7,944.0,384.5
190,0,6.3,0.98,1,908.9,913.8,920.7,927.9,934.4,946.2,951.4,956.7,961.9,965.3,357.2,352.6,350.8,351.2,353.4,352.2,349.2,347.7,348.2,351.7,944.0,384.5
191,0,6.333,0.98,1,909.0,913.8,920.7,927.9,934.4,946.4,951.6,956.9,962.1,965.4,357.2,352.5,350.7,351.2,353.3,352.0,349.1,347.6,348.1,351.6,944.1,384.4
192,0,6.367,0.98,1,909.2,914.0,920.9,928.1,934.6,946.5,951.7,957.0,962.2,965.5,357.1,352.5,350.7,351.2,353.3,352.0,349.0,347.5,348.0,351.5,944.3,384.4
193,0,6.4,0.98,1,909.3,914.1,921.0,928.1,934.6,946.6,951.8,957.0,962.2,965.6,357.1,352.5,350.7,351.1,353.2,351.9,348.9,347.3,347.8,351.3,944.5,384.4
194,0,6.433,0.98,1,909.4,914.2,921.0,928.2,934.7,946.7,951.8,957.1,962.3,965.6,357.2,352.5,350.7,351.1,353.1,351.8,348.8,347.3,347.9,351.4,944.5,384.3
195,0,6.467,0.98,1,909.6,914.3,921.2,928.3,934.8,946.8,951.9,957.2,962.3,965.7,357.1,352.5,350.7,351.1,353.1,351.8,348.8,347.3,347.8,351.3,944.7,384.3
196,0,6.5,0.98,1,909.7,914.4,921.3,928.4,934.9,946.8,951.9,957.2,962.3,965.7,357.1,352.5,350.7,351.1,353.1,351.9,348.9,347.4,347.8,351.3,944.8,384.3
197,0,6.533,0.98,1,909.6,914.5,921.4,928.6,935.1,947.0,952.2,957.5,962.6,966.0,356.9,352.4,350.6,351.0,353.1,351.8,348.7,347.2,347.7,351.1,944.8,384.3
198,0,6.567,0.98,1,909.7,914.6,921.5,928.7,935.2,947.1,952.3,957.6,962.8,966.2,356.8,352.3,350.5,350.9,353.0,351.7,348.7,347.1,347.6,351.1,944.9,384.2
199,0,6.6,0.98,1,909.8,914.7,921.7,928.9,935.3,947.3,952.5,957.8,963.0,966.4,356.5,352.0,350.2,350.7,352.8,351.5,348.5,347.0,347.5,351.0,944.9,384.0
200,0,6.633,0.98,1,909.8,914.7,921.7,928.8,935.4,947.4,952.6,957.9,963.1,966.5,356.4,351.9,350.1,350.5,352.5,351.3,348.3,346.8,347.3,350.8,945.1,383.7
201,0,6.667,0.98,1,909.8,914.6,921.6,928.8,935.4,947.5,952.8,958.1,963.3,966.6,356.2,351.6,349.7,350.2,352.2,351.0,348.0,346.5,347.1,350.6,945.1,383.6
202,0,6.7,0.98,1,909.5,914.4,921.4,928.7,935.3,947.3,952.6,958.0,963.2,966.6,355.7,351.2,349.4,349.8,351.9,350.7,347.7,346.2,346.7,350.2,945.0,383.1
203,0,6.733,0.98,1,909.4,914.3,921.2,928.4,935.0,947.3,952.5,957.9,963.1,966.5,355.3,350.8,349.0,349.4,351.5,350.1,347.2,345.7,346.2,349.7,945.0,382.7
204,0,6.767,0.98,1,909.5,914.4,921.2,928.3,934.9,947.0,952.2,957.5,962.7,966.0,355.0,350.5,348.6,349.0,351.1,349.8,346.8,345.3,345.8,349.3,945.0,382.2
205,0,6.8,0.98,1,909.5,914.4,921.2,928.3,934.9,947.0,952.2,957.6,962.8,966.1,354.7,350.2,348.3,348.7,350.8,349.5,346.5,345.1,345.5,349.0,944.9,381.8
206,0,6.833,0.98,1,909.5,914.4,921.2,928.4,934.9,947.1,952.3,957.6,962.8,966.2,354.1,349.6,347.8,348.3,350.3,349.0,346.1,344.6,345.1,348.5,944.8,381.4
207,0,6.867,0.98,1,909.4,914.3,921.2,928.3,934.9,946.9,952.2,957.5,962.7,966.1,353.6,349.2,347.3,347.8,349.9,348.6,345.6,344.2,344.7,348.1,944.7,380.9
208,0,6.9,0.98,1,909.4,914.3,921.2,928.4,935.1,947.2,952.5,957.9,963.2,966.6,353.0,348.5,346.7,347.2,349.3,348.1,345.2,343.6,344.1,347.6,944.8,380.7
209,0,6.933,0.98,1,909.5,914.3,921.2,928.5,935.1,947.3,952.6,957.9,963.2,966.5,352.7,348.1,346.2,346.7,348.8,347.6,344.6,343.1,343.7,347.2,944.8,380.1
210,0,6.967,0.98,1,909.6,914.4,921.3,928.6,935.2,947.3,952.6,958.0,963.2,966.4,351.9,347.4,345.5,346.0,348.3,347.0,344.0,342.5,343.1,346.5,944.9,379.6
211,0,7.0,0.98,1,909.6,914.3,921.2,928.5,935.0,947.3,952.6,958.0,963.2,966.4,351.4,346.9,345.0,345.6,347.8,346.6,343.5,342.0,342.6,346.1,944.8,379.2
212,0,7.033,0.98,1,909.4,914.2,921.1,928.3,934.9,947.2,952.4,957.9,963.1,966.3,350.7,346.2,344.4,344.9,347.2,346.0,343.0,341.5,342.0,345.5,944.7,378.8
213,0,7.067,0.98,1,909.3,914.0,920.9,928.1,934.8,947.0,952.3,957.8,963.0,966.2,350.5,345.9,344.0,344.5,346.8,345.7,342.6,341.1,341.7,345.3,944.5,378.6
214,0,7.1,0.98,1,909.1,913.8,920.7,928.0,934.6,946.8,952.1,957.6,963.0,966.2,350.2,345.5,343.6,344.1,346.5,345.3,342.2,340.7,341.3,345.0,944.3,378.3
215,0,7.133,0.98,1,909.0,913.6,920.5,927.8,934.4,946.5,951.8,957.3,962.7,965.9,350.1,345.4,343.4,343.9,346.3,345.1,342.0,340.5,341.1,344.7,944.1,378.1
216,0,7.167,0.98,1,909.6,914.1,920.6,927.5,933.7,946.7,952.2,957.8,963.2,966.6,348.8,344.5,342.9,343.5,345.7,344.6,341.7,340.3,341.1,344.6,942.9,378.0
217,0,7.2,0.98,1,909.7,914.2,920.8,927.6,933.8,946.8,952.3,957.8,963.1,966.6,348.5,344.3,342.8,343.4,345.5,344.4,341.5,340.3,341.1,344.5,942.8,377.8
218,0,7.233,0.98,1,909.7,914.3,920.8,927.7,933.9,946.6,952.2,957.7,963.0,966.5,348.4,344.2,342.7,343.4,345.4,344.4,341.5,340.2,341.0,344.5,942.9,377.6
219,0,7.267,0.98,1,909.6,914.1,920.7,927.6,933.8,946.5,952.0,957.6,962.9,966.4,348.4,344.2,342.7,343.3,345.4,344.3,341.4,340.1,340.8,344.3,942.9,377.5
220,0,7.3,0.98,1,909.5,914.0,920.5,927.5,933.7,946.4,952.0,957.5,962.9,966.4,348.5,344.2,342.6,343.2,345.3,344.2,341.3,340.0,340.7,344.2,942.9,377.4
221,0,7.333,0.98,1,909.5,914.0,920.6,927.5,933.8,946.4,952.0,957.5,962.9,966.4,348.4,344.2,342.6,343.2,345.2,344.1,341.1,339.8,340.5,343.9,943.1,377.3
222,0,7.367,0.98,1,909.6,914.1,920.7,927.7,933.9,946.5,952.0,957.5,962.8,966.4,348.5,344.2,342.6,343.2,345.2,344.0,341.0,339.6,340.3,343.7,943.4,377.2
223,0,7.4,0.98,1,908.7,913.4,920.4,927.7,934.3,946.3,951.7,957.2,962.6,966.1,349.3,344.6,342.7,343.2,345.3,344.0,340.9,339.4,339.9,343.5,944.1,377.1
224,0,7.433,0.98,1,909.0,913.7,920.6,927.9,934.6,946.6,952.0,957.5,962.8,966.3,349.1,344.3,342.4,342.9,345.0,343.7,340.7,339.1,339.6,343.2,944.4,376.8
225,0,7.467,0.98,1,909.4,914.1,921.0,928.3,934.9,947.1,952.5,958.0,963.3,966.8,348.6,343.8,341.9,342.2,344.3,343.0,340.0,338.5,339.0,342.6,944.9,376.2
226,0,7.5,0.98,1,910.2,914.9,921.8,929.1,935.7,947.6,953.0,958.5,963.8,967.2,348.1,343.3,341.4,341.8,343.9,342.6,339.6,338.1,338.6,342.2,945.5,375.6
227,0,7.533,0.98,1,910.9,915.6,922.5,929.7,936.3,948.3,953.7,959.1,964.4,967.8,347.4,342.7,340.7,341.1,343.2,341.9,338.9,337.4,338.0,341.6,946.1,374.8
228,0,7.567,0.98,1,911.6,916.3,923.2,930.5,937.1,949.2,954.5,960.0,965.3,968.7,346.9,342.1,340.1,340.5,342.7,341.5,338.5,337.1,337.6,341.2,947.0,374.4
229,0,7.6,0.98,1,912.0,916.7,923.8,931.1,937.8,950.0,955.4,961.0,966.4,969.7,346.7,341.9,339.9,340.3,342.4,341.2,338.2,336.7,337.4,341.1,947.6,374.1
230,0,7.633,0.98,1,912.9,917.6,924.6,931.9,938.5,950.8,956.2,961.7,967.1,970.4,346.3,341.5,339.5,340.0,342.1,341.0,338.0,336.6,337.3,341.0,948.2,374.0
231,0,7.667,0.98,1,914.5,919.1,925.7,932.7,939.1,951.9,957.4,963.0,968.3,971.9,345.2,340.8,339.1,339.7,341.8,340.7,337.9,336.6,337.3,340.8,948.4,374.0
232,0,7.7,0.98,1,915.4,919.9,926.6,933.6,939.9,952.6,958.2,963.7,969.1,972.6,345.0,340.7,339.1,339.7,341.9,340.9,338.0,336.7,337.4,340.9,948.9,374.0
233,0,7.733,0.98,1,916.2,920.8,927.4,934.4,940.7,953.3,958.9,964.5,969.8,973.3,344.9,340.7,339.2,339.8,342.0,341.0,338.2,336.8,337.6,341.1,949.5,374.1
234,0,7.767,0.98,1,916.8,921.4,928.0,935.0,941.3,954.0,959.6,965.1,970.4,974.0,345.0,340.7,339.2,339.8,342.0,341.1,338.2,336.9,337.7,341.2,950.1,374.2
235,0,7.8,0.98,1,917.3,921.8,928.5,935.6,941.9,954.6,960.3,965.9,971.3,974.8,345.0,340.7,339.1,339.8,341.9,341.0,338.1,336.8,337.7,341.3,950.7,374.2
236,0,7.833,0.98,1,918.3,922.8,929.4,936.4,942.7,955.5,961.1,966.6,971.8,975.3,345.1,340.7,339.2,339.8,341.9,341.1,338.3,337.1,337.9,341.5,951.3,374.2
237,0,7.867,0.93,1,919.2,923.5,930.0,937.0,943.2,956.2,961.7,967.1,972.2,975.7,345.9,341.4,339.6,340.0,342.1,341.1,338.3,337.3,338.3,341.9,951.9,374.1
238,0,7.9,0.98,1,918.8,923.3,930.2,937.4,944.0,956.2,961.6,967.0,972.1,975.5,346.4,341.5,339.5,339.8,342.0,340.9,338.0,336.8,337.6,341.4,953.2,373.6
239,0,7.933,0.98,1,918.9,923.5,930.4,937.6,944.3,956.5,961.8,967.3,972.5,975.9,345.8,341.0,338.9,339.3,341.4,340.2,337.3,336.0,336.7,340.4,953.8,373.1
240,0,7.967,0.98,1,919.3,924.1,931.1,938.4,945.0,957.1,962.4,967.9,973.2,976.6,345.0,340.2,338.2,338.7,340.9,339.8,336.8,335.4,336.1,339.8,954.4,372.6
241,0,8.0,0.98,1,919.9,924.6,931.6,938.8,945.5,957.8,963.1,968.6,973.8,977.1,344.3,339.5,337.6,338.0,340.2,339.0,336.1,334.7,335.4,339.1,955.1,372.2
242,0,8.033,0.98,1,920.1,924.9,932.0,939.3,946.0,958.4,963.8,969.3,974.6,977.9,343.7,339.0,337.0,337.5,339.7,338.6,335.7,334.2,334.9,338.6,955.5,371.8
243,0,8.067,0.98,1,920.8,925.7,932.7,940.0,946.6,958.8,964.2,969.6,974.9,978.2,343.2,338.5,336.6,337.1,339.4,338.4,335.5,334.0,334.7,338.3,956.0,371.6
244,0,8.1,0.98,1,920.8,925.7,932.9,940.3,947.1,959.2,964.6,970.2,975.5,978.7,343.0,338.3,336.4,337.0,339.3,338.4,335.4,334.0,334.6,338.4,956.3,371.4
245,0,8.133,0.98,1,921.0,926.0,933.1,940.6,947.3,959.4,964.9,970.4,975.7,978.9,342.9,338.2,336.4,337.0,339.3,338.4,335.4,334.0,334.6,338.4,956.5,371.4
246,0,8.167,0.98,1,921.3,926.2,933.3,940.8,947.5,959.7,965.1,970.6,975.9,979.1,342.9,338.2,336.4,337.0,339.3,338.3,335.4,333.9,334.6,338.3,956.7,371.4
247,0,8.2,0.98,1,921.4,926.2,933.3,940.7,947.3,959.6,965.0,970.4,975.7,978.9,343.3,338.5,336.7,337.3,339.6,338.5,335.5,334.0,334.7,338.3,956.8,371.8
248,0,8.233,0.98,1,921.3,926.2,933.3,940.8,947.5,959.7,965.1,970.5,975.8,979.0,343.5,338.7,336.9,337.5,339.8,338.8,335.8,334.3,335.0,338.7,956.9,372.1
249,0,8.267,0.98,1,921.3,926.1,933.2,940.6,947.3,959.6,965.0,970.4,975.7,978.9,343.8,339.1,337.2,337.8,340.1,339.0,336.1,334.6,335.2,339.0,956.8,372.5
250,0,8.3,0.98,1,921.3,926.2,933.2,940.6,947.3,959.6,964.9,970.4,975.6,978.8,344.3,339.5,337.6,338.2,340.5,339.4,336.4,334.9,335.5,339.2,956.9,372.9
251,0,8.333,0.98,1,921.1,926.0,933.2,940.7,947.3,959.4,964.8,970.3,975.6,978.8,344.5,339.7,337.8,338.4,340.7,339.6,336.5,335.0,335.7,339.4,956.9,373.0
252,0,8.367,0.98,1,921.2,926.0,933.2,940.6,947.3,959.4,964.7,970.2,975.4,978.7,344.7,340.0,338.1,338.6,340.9,339.8,336.7,335.2,335.8,339.5,956.9,373.2
253,0,8.4,0.98,1,921.1,926.0,933.1,940.5,947.2,959.3,964.6,970.1,975.3,978.5,344.9,340.2,338.3,338.9,341.2,340.2,337.1,335.6,336.2,339.8,956.8,373.4
254,0,8.433,0.98,1,921.1,926.0,933.1,940.5,947.1,959.3,964.6,970.0,975.3,978.5,344.9,340.2,338.4,338.9,341.3,340.2,337.1,335.6,336.1,339.8,956.8,373.5
255,0,8.467,0.98,1,921.0,926.0,933.1,940.5,947.1,959.3,964.6,970.1,975.3,978.6,345.1,340.4,338.6,339.1,341.4,340.3,337.3,335.8,336.4,340.0,956.7,373.8
256,0,8.5,0.98,1,921.0,925.9,933.1,940.5,947.2,959.3,964.7,970.2,975.5,978.8,345.3,340.6,338.7,339.2,341.5,340.5,337.4,335.9,336.6,340.3,956.7,374.1
257,0,8.533,0.98,1,921.0,926.0,933.1,940.5,947.2,959.2,964.6,970.1,975.3,978.6,345.5,340.9,339.1,339.6,342.0,340.9,337.8,336.4,337.0,340.7,956.6,374.4
258,0,8.567,0.98,1,921.1,926.1,933.2,940.6,947.2,959.2,964.6,970.1,975.4,978.7,345.9,341.3,339.4,340.0,342.3,341.3,338.2,336.8,337.4,341.1,956.6,374.8
259,0,8.6,0.98,1,921.0,926.0,933.1,940.5,947.2,959.3,964.6,970.1,975.4,978.7,346.3,341.6,339.8,340.3,342.7,341.6,338.5,337.1,337.7,341.4,956.6,375.1
260,0,8.633,0.98,1,920.8,925.9,933.0,940.4,947.1,959.3,964.6,970.1,975.4,978.6,346.6,342.0,340.1,340.7,343.0,341.9,338.7,337.2,337.9,341.5,956.6,375.3
261,0,8.667,0.98,1,920.7,925.7,932.7,940.1,946.7,959.2,964.5,969.9,975.2,978.5,346.8,342.2,340.4,341.0,343.3,342.1,339.0,337.5,338.1,341.7,956.4,375.7
262,0,8.7,0.98,1,920.6,925.6,932.7,940.1,946.8,959.1,964.4,970.0,975.3,978.5,347.3,342.7,340.8,341.4,343.7,342.6,339.5,338.1,338.8,342.4,956.2,376.1
263,0,8.733,0.98,1,920.6,925.6,932.6,939.9,946.6,959.1,964.4,969.8,975.0,978.2,347.7,343.2,341.3,341.9,344.3,343.2,340.2,338.7,339.4,343.0,956.1,376.7
264,0,8.767,0.98,1,920.5,925.4,932.4,939.8,946.4,958.8,964.2,969.7,975.0,978.1,348.6,344.0,342.2,342.7,345.1,344.0,340.9,339.5,340.2,343.8,955.8,377.5
265,0,8.8,0.98,1,920.1,925.0,932.1,939.5,946.2,958.4,963.8,969.3,974.6,977.8,349.7,345.0,343.1,343.6,346.0,344.9,341.7,340.3,340.9,344.6,955.7,378.2
266,0,8.833,0.98,1,920.1,924.9,932.0,939.4,946.1,958.3,963.7,969.3,974.6,977.8,350.5,345.8,343.9,344.4,346.8,345.6,342.5,341.0,341.7,345.4,955.7,379.0
267,0,8.867,0.98,1,920.2,925.1,932.1,939.4,946.1,958.5,963.8,969.3,974.6,977.9,351.3,346.7,344.8,345.3,347.6,346.4,343.2,341.7,342.4,346.0,955.8,379.8
268,0,8.9,0.98,1,920.2,925.1,932.0,939.3,946.0,958.4,963.8,969.3,974.6,977.9,352.0,347.3,345.5,345.9,348.1,346.8,343.7,342.2,342.8,346.4,955.8,380.4
269,0,8.933,0.98,1,920.6,925.4,932.3,939.6,946.2,958.7,964.0,969.4,974.7,978.0,352.5,347.8,345.9,346.4,348.7,347.4,344.3,342.9,343.5,347.1,955.9,380.9
270,0,8.967,0.98,1,920.7,925.5,932.4,939.7,946.3,958.7,964.1,969.6,974.9,978.1,353.3,348.5,346.6,347.0,349.2,348.0,344.9,343.4,344.1,347.9,956.1,381.5
271,0,9.0,0.98,1,921.2,925.9,932.7,939.9,946.5,958.9,964.3,969.8,975.1,978.3,353.6,348.9,347.0,347.5,349.7,348.5,345.4,344.0,344.7,348.4,956.1,381.9
272,0,9.033,0.98,1,921.4,926.1,932.9,940.1,946.7,959.2,964.5,970.1,975.4,978.7,354.0,349.4,347.6,348.1,350.3,349.1,346.0,344.6,345.2,348.9,956.2,382.5
273,0,9.067,0.98,1,922.5,927.1,933.5,940.3,946.4,959.9,965.4,970.8,976.1,979.5,353.4,349.3,347.8,348.4,350.5,349.5,346.6,345.3,346.1,349.5,955.5,383.1
274,0,9.1,0.98,1,922.9,927.4,933.8,940.7,946.8,960.1,965.7,971.1,976.4,979.7,354.0,349.8,348.4,349.0,351.2,350.3,347.5,346.3,347.1,350.6,955.6,383.7
275,0,9.133,0.98,1,923.0,927.5,934.0,940.8,947.0,960.3,965.9,971.5,976.8,980.2,354.5,350.4,348.9,349.6,351.8,351.0,348.1,346.9,347.8,351.3,955.7,384.3
276,0,9.167,0.98,1,923.0,927.5,934.1,940.9,947.1,960.3,965.9,971.5,976.8,980.3,355.0,350.9,349.5,350.3,352.5,351.6,348.7,347.4,348.3,351.8,955.7,384.9
277,0,9.2,0.98,1,923.2,927.7,934.2,941.0,947.1,960.3,965.9,971.5,976.7,980.3,355.3,351.2,349.8,350.6,352.8,351.9,349.0,347.8,348.6,352.1,955.8,385.1
278,0,9.233,0.98,1,923.3,927.9,934.4,941.3,947.4,960.4,966.1,971.7,977.1,980.6,355.4,351.3,350.0,350.7,353.0,352.2,349.3,348.1,349.0,352.5,955.8,385.2
279,0,9.267,0.98,1,923.2,927.7,934.3,941.2,947.4,960.5,966.3,971.9,977.3,980.8,355.4,351.3,349.9,350.7,353.1,352.3,349.5,348.3,349.2,352.8,955.7,385.3
280,0,9.3,0.98,1,923.1,927.6,934.1,941.0,947.1,960.2,965.9,971.7,977.1,980.7,355.3,351.2,349.9,350.7,353.0,352.3,349.5,348.3,349.3,352.9,955.2,385.3
281,0,9.333,0.98,1,923.3,927.9,934.4,941.1,947.2,960.3,966.0,971.7,977.1,980.5,354.7,350.7,349.5,350.4,352.8,352.2,349.5,348.3,349.3,352.9,955.0,385.3
282,0,9.367,0.98,1,923.1,927.8,934.2,940.9,946.9,959.9,965.6,971.3,976.7,980.2,354.4,350.5,349.4,350.3,352.7,352.2,349.5,348.4,349.4,353.0,954.5,385.1
283,0,9.4,0.98,1,922.7,927.3,933.8,940.5,946.5,959.6,965.3,971.1,976.5,980.1,354.3,350.3,349.2,350.1,352.5,352.1,349.4,348.3,349.4,353.0,954.1,385.0
284,0,9.433,0.98,1,922.3,926.9,933.4,940.2,946.2,959.2,965.0,970.8,976.3,979.9,354.2,350.2,349.1,350.0,352.4,352.0,349.3,348.3,349.3,353.0,953.8,384.9
285,0,9.467,0.98,1,922.4,927.0,933.4,940.1,946.1,959.0,964.8,970.5,976.0,979.6,354.1,350.1,349.0,350.0,352.4,352.0,349.3,348.2,349.3,352.9,953.7,384.8
286,0,9.5,0.98,1,922.3,926.9,933.3,940.0,946.0,958.9,964.7,970.4,975.9,979.5,354.0,350.1,349.0,349.9,352.3,351.9,349.2,348.2,349.2,352.9,953.6,384.7
287,0,9.533,0.98,1,922.0,926.6,933.1,939.8,945.8,958.9,964.6,970.4,975.8,979.5,354.0,350.0,348.9,349.9,352.2,351.8,349.2,348.1,349.1,352.8,953.5,384.7
288,0,9.567,0.98,1,921.8,926.4,932.9,939.6,945.7,958.7,964.5,970.2,975.6,979.3,353.9,350.0,348.9,349.9,352.2,351.9,349.2,348.2,349.2,352.8,953.2,384.6
289,0,9.6,0.98,1,921.7,926.3,932.8,939.5,945.5,958.5,964.3,970.0,975.4,979.1,353.9,350.0,348.9,349.9,352.2,351.8,349.1,348.1,349.1,352.7,953.0,384.5
290,0,9.633,0.98,1,921.4,926.0,932.6,939.3,945.4,958.1,964.0,969.8,975.2,978.9,353.9,350.0,349.0,349.9,352.3,351.9,349.2,348.1,349.1,352.8,952.8,384.5
291,0,9.667,0.98,1,921.1,925.7,932.3,939.1,945.2,957.9,963.7,969.5,975.0,978.6,353.9,350.0,348.9,349.9,352.3,351.9,349.2,348.1,349.1,352.7,952.5,384.4
292,0,9.7,0.98,1,920.8,925.5,932.1,938.9,944.9,957.5,963.4,969.1,974.6,978.3,353.9,349.9,348.9,349.9,352.3,351.9,349.2,348.1,349.1,352.7,952.1,384.4
293,0,9.733,0.98,1,920.7,925.3,931.8,938.6,944.6,957.4,963.2,968.9,974.3,978.0,353.8,349.9,348.9,349.9,352.2,351.8,349.1,348.0,349.0,352.6,951.9,384.4
294,0,9.767,0.98,1,920.5,925.1,931.6,938.4,944.4,957.2,962.9,968.6,974.0,977.6,353.7,349.8,348.7,349.7,352.1,351.8,349.1,348.0,349.0,352.7,951.6,384.4
295,0,9.8,0.98,1,920.4,925.0,931.5,938.3,944.3,957.1,962.9,968.7,974.1,977.7,353.5,349.6,348.6,349.6,352.1,351.7,349.1,348.1,349.1,352.7,951.2,384.5
296,0,9.833,0.98,1,920.3,924.9,931.4,938.1,944.1,956.8,962.6,968.4,973.7,977.2,353.4,349.6,348.6,349.6,352.0,351.7,349.1,348.0,349.1,352.7,951.0,384.6
297,0,9.867,0.98,1,920.0,924.6,931.1,937.8,943.8,956.8,962.6,968.2,973.6,977.0,353.3,349.5,348.4,349.4,351.9,351.5,348.9,347.8,348.9,352.5,950.9,384.7
298,0,9.9,0.98,1,919.7,924.3,930.8,937.5,943.6,956.7,962.4,968.1,973.4,976.9,353.3,349.4,348.3,349.3,351.7,351.4,348.7,347.7,348.8,352.4,950.7,384.8
299,0,9.933,0.98,1,919.5,924.1,930.7,937.5,943.5,956.5,962.3,968.0,973.3,976.7,353.0,349.1,348.0,349.0,351.4,351.1,348.5,347.5,348.5,352.2,950.4,384.5
300,0,9.967,0.98,1,919.7,924.4,930.9,937.6,943.6,956.5,962.3,968.0,973.2,976.6,352.3,348.5,347.5,348.6,351.0,350.8,348.2,347.2,348.3,351.9,950.1,384.3
301,0,10.0,0.98,1,919.7,924.4,930.9,937.6,943.6,956.5,962.3,967.9,973.2,976.5,351.9,348.1,347.2,348.3,350.7,350.5,347.9,347.0,348.1,351.7,949.9,384.0
302,0,10.033,0.98,1,919.4,924.1,930.6,937.3,943.3,956.1,961.9,967.6,972.8,976.2,351.7,347.9,346.9,348.0,350.4,350.2,347.6,346.7,347.8,351.5,949.6,383.6
303,0,10.067,0.98,1,919.3,924.0,930.5,937.2,943.1,955.9,961.8,967.4,972.7,976.1,351.3,347.5,346.6,347.7,350.1,349.9,347.3,346.3,347.4,351.1,949.5,383.4
304,0,10.1,0.98,1,919.0,923.8,930.3,937.1,943.0,955.8,961.6,967.2,972.5,975.9,351.2,347.4,346.5,347.6,350.1,349.8,347.2,346.2,347.3,350.9,949.3,383.3
305,0,10.133,0.98,1,918.7,923.5,930.0,936.8,942.8,955.5,961.3,967.0,972.3,975.7,351.2,347.4,346.5,347.6,350.1,349.8,347.2,346.1,347.2,350.8,949.1,383.2
306,0,10.167,0.98,1,918.7,923.4,929.9,936.7,942.6,955.4,961.2,966.8,972.1,975.4,351.2,347.4,346.5,347.6,350.0,349.7,347.1,346.1,347.2,350.8,949.0,383.2
307,0,10.2,0.98,1,918.4,923.1,929.7,936.5,942.5,955.2,961.0,966.6,971.8,975.2,351.5,347.7,346.7,347.7,350.2,349.8,347.2,346.2,347.2,350.8,949.0,383.3
308,0,10.233,0.98,1,918.0,922.7,929.3,936.1,942.2,954.9,960.7,966.3,971.6,975.0,352.0,348.1,347.1,348.1,350.5,350.1,347.5,346.4,347.4,351.0,948.9,383.7
309,0,10.267,0.98,1,917.9,922.6,929.2,936.1,942.1,954.8,960.6,966.2,971.5,974.8,352.2,348.3,347.3,348.3,350.7,350.3,347.6,346.6,347.6,351.2,948.9,383.8
310,0,10.3,0.98,1,917.9,922.5,929.1,935.9,942.0,954.7,960.5,966.1,971.3,974.6,352.5,348.6,347.4,348.4,350.7,350.3,347.7,346.6,347.7,351.3,948.9,383.8
311,0,10.333,0.98,1,917.8,922.4,929.0,935.8,941.9,954.7,960.5,966.1,971.3,974.6,352.5,348.6,347.4,348.4,350.7,350.3,347.6,346.6,347.6,351.2,948.9,383.8
312,0,10.367,0.98,1,917.8,922.4,928.9,935.7,941.8,954.8,960.5,966.1,971.3,974.7,352.5,348.6,347.4,348.4,350.7,350.2,347.6,346.5,347.5,351.1,948.9,383.8
313,0,10.4,0.98,1,917.8,922.4,928.9,935.7,941.7,954.7,960.4,966.0,971.2,974.5,352.5,348.6,347.5,348.5,350.8,350.2,347.6,346.5,347.4,350.9,948.9,383.8
314,0,10.433,0.98,1,917.9,922.5,929.0,935.7,941.7,954.7,960.4,966.0,971.1,974.5,352.5,348.6,347.5,348.5,350.8,350.2,347.6,346.5,347.4,350.9,948.9,383.8
315,0,10.467,0.98,1,917.8,922.4,928.9,935.7,941.7,954.7,960.4,966.0,971.2,974.5,352.5,348.6,347.5,348.4,350.7,350.2,347.5,346.4,347.3,350.8,948.9,383.7
316,0,10.5,0.98,1,917.8,922.4,928.9,935.7,941.7,954.7,960.4,966.0,971.2,974.6,352.5,348.6,347.5,348.4,350.7,350.1,347.5,346.3,347.3,350.8,948.9,383.6
317,0,10.533,0.98,1,917.9,922.5,929.0,935.7,941.7,954.7,960.4,966.0,971.2,974.6,352.5,348.6,347.5,348.4,350.7,350.1,347.4,346.3,347.2,350.7,949.0,383.6
318,0,10.567,0.98,1,917.8,922.4,928.8,935.6,941.7,954.7,960.4,966.0,971.2,974.7,352.6,348.7,347.5,348.4,350.7,350.0,347.4,346.2,347.1,350.6,949.2,383.6
319,0,10.6,0.98,1,918.0,922.5,929.0,935.8,941.9,954.9,960.6,966.2,971.4,974.8,352.7,348.7,347.4,348.3,350.5,349.9,347.2,346.1,347.0,350.5,949.7,383.4
320,0,10.633,0.98,1,918.2,922.8,929.3,936.1,942.1,955.2,960.9,966.4,971.7,975.0,352.6,348.5,347.2,348.1,350.5,349.8,347.1,346.0,346.9,350.5,950.0,383.2
321,0,10.667,0.98,1,918.5,923.0,929.5,936.4,942.4,955.5,961.1,966.6,971.9,975.1,352.6,348.5,347.2,348.0,350.4,349.8,347.1,345.9,346.9,350.5,950.4,382.9
322,0,10.7,0.98,1,918.7,923.3,929.8,936.6,942.6,955.7,961.3,966.9,972.1,975.3,352.4,348.3,347.1,347.9,350.3,349.8,347.1,346.0,346.9,350.5,950.4,382.8
323,0,10.733,0.98,1,918.9,923.5,930.0,936.8,942.8,955.8,961.4,966.9,972.1,975.4,352.3,348.3,347.0,347.9,350.3,349.8,347.0,345.9,346.9,350.5,950.6,382.8
324,0,10.767,0.98,1,918.9,923.5,930.0,936.9,942.9,955.8,961.4,966.9,972.1,975.3,352.4,348.3,347.0,347.9,350.3,349.7,347.0,345.8,346.8,350.4,950.8,382.7
325,0,10.8,0.98,1,919.0,923.6,930.1,936.9,942.9,955.9,961.4,966.9,972.0,975.2,352.4,348.3,347.1,347.9,350.3,349.7,346.9,345.7,346.7,350.3,951.0,382.5
326,0,10.833,0.98,1,919.0,923.6,930.1,937.0,942.9,955.9,961.4,966.9,972.0,975.2,352.4,348.4,347.1,347.9,350.3,349.7,346.9,345.8,346.8,350.4,951.0,382.4
327,0,10.867,0.98,1,919.1,923.6,930.1,936.8,942.7,955.8,961.3,966.7,971.8,975.0,352.3,348.2,347.0,347.8,350.2,349.6,346.8,345.7,346.7,350.2,950.7,382.4
328,0,10.9,0.98,1,918.8,923.4,929.9,936.6,942.6,955.7,961.2,966.7,971.8,975.0,352.2,348.1,346.8,347.7,350.1,349.5,346.8,345.7,346.7,350.3,950.5,382.4
329,0,10.933,0.98,1,918.6,923.2,929.7,936.4,942.3,955.4,960.9,966.4,971.5,974.7,352.2,348.1,346.9,347.7,350.0,349.5,346.8,345.7,346.6,350.2,950.3,382.4
330,0,10.967,0.98,1,918.3,922.9,929.4,936.2,942.1,955.1,960.7,966.1,971.3,974.5,352.2,348.1,346.8,347.7,350.0,349.4,346.7,345.6,346.6,350.2,950.2,382.3
331,0,11.0,0.98,1,918.1,922.7,929.2,936.0,941.9,955.0,960.5,966.0,971.1,974.4,352.2,348.1,346.8,347.6,350.0,349.4,346.7,345.6,346.5,350.1,950.1,382.3
332,0,11.033,0.98,1,917.9,922.5,929.0,935.8,941.8,954.7,960.3,965.8,970.9,974.3,352.2,348.1,346.8,347.6,349.9,349.4,346.6,345.5,346.4,350.0,949.9,382.2
333,0,11.067,0.98,1,917.8,922.3,928.9,935.7,941.7,954.6,960.2,965.6,970.8,974.1,352.3,348.1,346.8,347.6,349.9,349.3,346.6,345.4,346.4,350.0,949.8,382.2
334,0,11.1,0.98,1,917.6,922.1,928.7,935.5,941.5,954.5,960.0,965.4,970.6,973.9,352.3,348.1,346.8,347.6,349.9,349.2,346.5,345.3,346.3,349.9,949.7,382.2
335,0,11.133,0.98,1,917.3,921.9,928.4,935.3,941.3,954.2,959.8,965.3,970.4,973.8,352.3,348.1,346.8,347.6,349.9,349.2,346.5,345.3,346.3,350.0,949.4,382.2
336,0,11.167,0.98,1,917.3,921.8,928.4,935.2,941.2,954.2,959.7,965.1,970.3,973.6,352.4,348.1,346.8,347.6,349.8,349.2,346.5,345.3,346.3,350.0,949.4,382.1
337,0,11.2,0.98,1,917.1,921.6,928.2,935.0,941.0,953.9,959.4,964.9,970.0,973.3,352.4,348.2,346.8,347.6,349.9,349.2,346.5,345.4,346.3,350.0,949.2,382.1
338,0,11.233,0.98,1,916.9,921.5,928.0,934.9,940.8,953.7,959.2,964.7,969.8,973.1,352.4,348.2,346.8,347.6,349.9,349.2,346.5,345.4,346.5,350.2,948.9,382.1
339,0,11.267,0.98,1,916.8,921.3,927.8,934.6,940.6,953.4,958.9,964.4,969.5,972.8,352.3,348.1,346.8,347.6,349.8,349.2,346.5,345.4,346.4,350.1,948.6,382.0
340,0,11.3,0.98,1,916.5,921.1,927.6,934.4,940.3,953.1,958.6,964.0,969.1,972.4,352.3,348.1,346.8,347.6,349.9,349.3,346.6,345.4,346.4,350.0,948.4,382.1
341,0,11.333,0.98,1,916.2,920.8,927.3,934.1,940.0,952.8,958.3,963.7,968.8,972.1,352.2,348.1,346.8,347.6,349.9,349.2,346.5,345.4,346.3,349.9,948.1,382.1
342,0,11.367,0.98,1,916.0,920.5,927.0,933.8,939.7,952.5,957.9,963.4,968.5,971.8,352.2,348.0,346.8,347.6,349.9,349.2,346.5,345.3,346.2,349.8,947.8,382.1
343,0,11.4,0.98,1,915.5,920.0,926.4,933.1,939.0,952.1,957.5,962.9,968.0,971.4,352.2,348.1,346.8,347.5,349.7,349.0,346.3,345.1,346.0,349.5,947.5,381.9
344,0,11.433,0.98,1,915.0,919.4,925.9,932.8,938.8,951.6,957.1,962.5,967.6,970.9,352.5,348.3,346.8,347.5,349.7,348.9,346.2,345.0,345.9,349.5,947.3,381.9
345,0,11.467,0.98,1,914.7,919.2,925.7,932.5,938.5,951.3,956.8,962.2,967.3,970.7,352.4,348.2,346.7,347.4,349.6,348.8,346.1,344.9,345.8,349.3,947.0,381.7
346,0,11.5,0.98,1,914.4,918.9,925.4,932.2,938.2,951.1,956.6,962.1,967.2,970.6,352.3,348.1,346.7,347.3,349.5,348.7,346.0,344.8,345.7,349.3,946.7,381.6
347,0,11.533,0.98,1,914.2,918.7,925.2,932.0,938.0,951.0,956.5,962.0,967.1,970.4,352.2,348.0,346.6,347.2,349.4,348.6,345.9,344.8,345.7,349.3,946.6,381.6
348,0,11.567,0.98,1,914.3,918.8,925.3,932.0,938.0,950.9,956.4,961.8,966.9,970.2,352.2,348.0,346.5,347.2,349.3,348.5,345.8,344.7,345.6,349.1,946.5,381.5
349,0,11.6,0.98,1,914.2,918.8,925.2,932.0,938.0,950.8,956.2,961.6,966.7,970.0,352.0,347.8,346.4,347.1,349.3,348.5,345.8,344.7,345.6,349.2,946.4,381.4
350,0,11.633,0.98,1,914.2,918.7,925.2,932.0,937.9,950.7,956.1,961.5,966.6,969.9,352.0,347.8,346.4,347.1,349.3,348.5,345.8,344.7,345.6,349.1,946.3,381.3
351,0,11.667,0.98,1,914.2,918.7,925.2,932.0,938.0,950.7,956.2,961.6,966.7,969.9,352.0,347.7,346.3,347.0,349.2,348.5,345.7,344.6,345.5,349.1,946.3,381.2
352,0,11.7,0.98,1,913.8,918.5,925.3,932.3,938.5,950.6,956.0,961.4,966.5,969.6,352.4,348.0,346.5,347.2,349.5,348.8,345.9,344.6,345.5,349.3,946.9,381.2
353,0,11.733,0.98,1,913.2,917.9,924.8,931.9,938.3,950.4,955.7,961.1,966.2,969.2,352.7,348.1,346.4,347.1,349.4,348.6,345.7,344.5,345.4,349.2,947.0,381.2
354,0,11.767,0.98,1,913.1,917.8,924.7,931.8,938.2,950.3,955.6,960.9,966.0,969.0,352.7,348.1,346.4,347.1,349.4,348.5,345.7,344.5,345.3,349.0,946.9,381.2
355,0,11.8,0.98,1,913.0,917.7,924.6,931.6,937.9,950.2,955.4,960.7,965.8,968.8,352.6,348.0,346.4,347.0,349.3,348.5,345.7,344.4,345.2,348.9,946.6,381.1
356,0,11.833,0.98,1,912.8,917.6,924.4,931.5,937.8,950.1,955.3,960.6,965.7,968.7,352.5,348.0,346.4,347.0,349.3,348.4,345.7,344.4,345.1,348.8,946.5,381.1
357,0,11.867,0.98,1,912.5,917.3,924.2,931.2,937.6,949.9,955.2,960.5,965.6,968.6,352.5,347.9,346.3,346.9,349.2,348.3,345.5,344.2,345.0,348.8,946.4,380.9
358,0,11.9,0.98,1,912.5,917.3,924.1,931.2,937.5,949.7,954.9,960.2,965.3,968.3,352.3,347.8,346.1,346.7,349.0,348.1,345.3,344.1,344.9,348.6,946.2,380.7
359,0,11.933,0.98,1,912.5,917.2,923.9,930.9,937.2,949.4,954.6,959.8,964.8,967.8,352.0,347.4,345.6,346.1,348.3,347.4,344.7,343.5,344.3,348.1,946.2,379.8
360,0,11.967,0.98,1,912.4,917.1,923.8,930.8,937.0,949.3,954.4,959.7,964.7,967.7,351.0,346.4,344.5,345.0,347.2,346.4,343.7,342.5,343.4,347.1,946.1,378.7
361,0,12.0,0.98,1,912.2,916.7,923.4,930.4,936.8,948.6,953.7,958.9,963.8,967.0,351.0,346.1,344.1,344.4,346.6,345.8,343.2,342.1,343.0,346.8,945.9,377.7
362,0,12.033,0.98,1,912.1,916.4,922.9,930.0,936.4,948.2,953.3,958.4,963.3,966.4,351.3,346.3,343.9,344.1,346.2,345.3,342.7,341.7,342.8,346.8,945.6,377.2
363,0,12.067,0.98,1,911.4,915.7,922.3,929.3,935.6,947.6,952.6,957.8,962.7,965.9,351.0,346.1,343.8,344.0,346.1,345.1,342.4,341.4,342.4,346.2,944.9,377.1
364,0,12.1,0.98,1,910.9,915.2,921.8,928.8,935.1,946.9,952.0,957.1,962.1,965.3,351.2,346.3,344.1,344.3,346.4,345.4,342.7,341.6,342.6,346.4,944.4,377.2
365,0,12.133,0.98,1,910.1,914.4,921.0,928.0,934.4,946.4,951.5,956.8,961.8,965.0,351.6,346.7,344.6,344.8,346.9,345.9,343.2,342.0,342.9,346.7,943.8,377.8
366,0,12.167,0.98,1,909.7,914.1,920.8,927.8,934.2,945.9,951.1,956.3,961.4,964.6,352.1,347.3,345.2,345.6,347.8,346.8,344.0,342.8,343.6,347.3,943.4,378.7
367,0,12.2,0.98,1,909.2,913.7,920.4,927.5,933.9,945.7,950.9,956.3,961.4,964.6,352.7,347.9,345.9,346.2,348.4,347.4,344.6,343.3,344.2,348.0,943.2,379.5
368,0,12.233,0.98,1,909.2,913.5,920.1,927.2,933.6,945.5,950.7,956.0,961.1,964.4,353.2,348.4,346.3,346.7,348.9,347.8,345.0,343.7,344.6,348.4,942.8,379.9
369,0,12.267,0.98,1,909.3,913.7,920.0,926.7,932.8,945.7,951.1,956.4,961.6,965.1,352.1,347.8,346.0,346.5,348.5,347.5,344.8,343.7,344.5,348.0,941.8,380.0
370,0,12.3,0.98,1,909.1,913.4,919.7,926.4,932.4,945.3,950.7,956.1,961.2,964.7,351.8,347.4,345.7,346.1,348.1,347.1,344.4,343.4,344.3,347.9,941.4,379.7
371,0,12.333,0.98,1,908.6,912.9,919.2,925.9,932.0,944.8,950.2,955.6,960.8,964.3,351.4,347.0,345.3,345.7,347.7,346.7,344.0,342.9,343.8,347.4,941.1,379.2
372,0,12.367,0.98,1,908.3,912.6,918.9,925.6,931.7,944.6,950.1,955.4,960.6,964.1,350.8,346.4,344.6,345.0,347.0,346.0,343.3,342.3,343.3,346.8,940.7,378.7
373,0,12.4,0.98,1,907.8,912.1,918.5,925.2,931.4,944.2,949.6,955.1,960.4,964.0,350.6,346.1,344.3,344.7,346.7,345.7,343.0,342.0,343.0,346.6,940.4,378.3
374,0,12.433,0.98,1,907.6,911.8,918.1,924.9,931.1,943.9,949.3,954.8,960.1,963.7,350.4,345.9,344.1,344.5,346.5,345.5,342.8,341.7,342.7,346.3,940.1,378.1
375,0,12.467,0.98,1,907.3,911.6,918.0,924.7,930.9,943.7,949.1,954.6,959.8,963.4,350.4,346.0,344.2,344.6,346.6,345.6,342.8,341.8,342.7,346.3,940.0,378.1
376,0,12.5,0.98,1,907.3,911.6,917.8,924.5,930.6,943.6,949.0,954.4,959.6,963.1,350.4,346.0,344.2,344.6,346.6,345.6,342.9,341.9,342.8,346.3,939.8,378.3
377,0,12.533,0.98,1,907.1,911.4,917.7,924.5,930.6,943.7,949.1,954.6,959.8,963.4,350.6,346.2,344.5,344.9,346.9,345.9,343.3,342.2,343.2,346.7,939.7,378.7
378,0,12.567,0.98,1,907.1,911.4,917.7,924.5,930.6,943.6,949.1,954.5,959.8,963.3,350.9,346.5,344.8,345.3,347.3,346.3,343.7,342.6,343.6,347.2,939.6,379.1
379,0,12.6,0.98,1,907.1,911.4,917.8,924.5,930.7,943.5,949.0,954.5,959.8,963.3,351.2,346.8,345.1,345.5,347.6,346.6,343.9,342.9,343.8,347.5,939.6,379.2
380,0,12.633,0.98,1,907.0,911.3,917.7,924.5,930.6,943.3,948.8,954.3,959.6,963.1,351.3,346.9,345.1,345.6,347.7,346.7,344.0,343.0,343.9,347.6,939.5,379.3
381,0,12.667,0.98,1,907.1,911.3,917.7,924.5,930.6,943.4,948.8,954.3,959.6,963.2,351.4,346.9,345.2,345.6,347.6,346.7,344.0,342.9,343.8,347.5,939.6,379.3
382,0,12.7,0.98,1,907.1,911.4,917.8,924.6,930.7,943.5,949.0,954.5,959.7,963.3,351.3,346.9,345.1,345.5,347.5,346.6,343.9,342.8,343.8,347.5,939.7,379.2
383,0,12.733,0.98,1,907.3,911.6,917.9,924.7,930.8,943.6,949.0,954.5,959.8,963.5,351.1,346.7,345.0,345.4,347.4,346.4,343.7,342.6,343.6,347.2,939.8,379.1
384,0,12.767,0.98,1,907.5,911.8,918.1,924.8,931.0,943.9,949.4,954.8,960.1,963.7,351.1,346.7,344.9,345.3,347.3,346.3,343.6,342.5,343.4,347.0,940.0,378.9
385,0,12.8,0.98,1,907.7,912.0,918.4,925.1,931.3,944.1,949.5,955.0,960.3,963.9,351.0,346.6,344.8,345.3,347.3,346.3,343.6,342.5,343.3,346.9,940.3,378.9
386,0,12.833,0.98,1,908.1,912.4,918.8,925.5,931.6,944.3,949.8,955.3,960.5,964.2,350.9,346.5,344.8,345.3,347.3,346.3,343.6,342.5,343.4,347.0,940.5,378.9
387,0,12.867,0.98,1,908.3,912.6,918.9,925.7,931.8,944.5,950.0,955.5,960.8,964.4,351.1,346.7,345.0,345.5,347.6,346.6,343.8,342.7,343.6,347.2,940.7,379.2
388,0,12.9,0.98,1,908.4,912.7,919.1,925.9,932.0,944.7,950.2,955.7,961.0,964.6,351.2,346.9,345.2,345.7,347.8,346.8,344.0,342.9,343.7,347.2,940.9,379.3
