eyebrow,pitch
0.6689265169471956,-1.7938743838262399
0.6792670072621306,-1.822525303172294
0.6896074975770657,-1.8093105990273313
0.6999479878920007,-1.7588704511182347
0.7102884782069359,-1.675845039171889
0.720628968521871,-1.56487454291518
0.730969458836806,-1.4305991420749906
0.7413099491517411,-1.2776590163782076
0.7516504394666761,-1.1106943455517144
0.7619909297816112,-0.9343453093223971
0.7723314200965463,-0.7532520874171403
0.7826719104114813,-0.5720548595628281
0.7930124007264163,-0.39539380548636976
0.7887038630951908,-0.2541593236583825
0.7770708114908862,-0.12498391404846891
0.7654377598865816,-0.011370987085046714
0.753804708282277,0.08279243119731944
0.7421716566779724,0.1537273641459604
0.7305386050736677,0.19783830824090742
0.7189055534693631,0.21176506363023775
0.7072725018650584,0.19234868612368336
0.6956394502607538,0.13659301075492833
0.6840063986564492,0.041722525933457946
0.6723733470521446,0.035770993236426823
0.66074029544784,0.03168467084533009
0.6491072438435354,0.0288609904243014
0.6374741922392306,0.02643454620666715
0.625841140634926,0.023498146327248285
0.6142080890306214,0.019424742627220166
0.6025750374263168,0.014029527483519467
0.5922345471113855,0.007475263084522208
0.5818940567964541,4.847842307611154e-05
0.5715535664815228,-0.007922621826628683
0.5612130761665914,-0.016059999012048024
0.5508725858516601,-0.023914845667161254
0.5405320955367288,-0.030993200055448655
0.5301916052217974,-0.036835109410317105
0.5198511149068662,-0.0410725600482811
0.5095106245919349,-0.04345724550230473
0.4991701342770035,-0.04387159191756986
0.4888296439620722,-0.042323259566458965
0.4784891536471408,-0.03891359703062069
0.4681486633322095,-0.033838084700914664
0.4578081730172781,-0.027420153128772096
0.4474676827023468,-0.020075279635917934
0.4371271923874155,-0.012224643421982422
0.4319569472299486,-0.004237359728255363
0.4371271923874125,0.003593977785605761
0.4422974375448764,0.011062690468444788
0.4474676827023403,0.01804562477323662
0.4526379278598041,0.02444069844533544
0.457808173017268,0.030099047569719616
0.4629784181747318,0.03481100231186248
0.4681486633321957,0.0383565547913762
0.4733189084896596,0.0405691940278395
0.4784891536471234,0.04136117514141044
0.4836593988045873,0.04077614654326312
0.4888296439620512,0.039008075345219106
0.4939998891195151,0.03632543305654462
0.4991701342769789,0.032986943280579314
0.5043403794344428,0.02922907952247781
0.5095106245919067,0.02528061681513369
0.5146808697493706,0.021334945257184594
0.5164042848018583,0.017533403738276256
0.5164042848018583,0.013963946033000735
0.5164042848018583,0.010662381151472585
0.5164042848018583,0.007584150800296717
0.5164042848018583,0.004662316919777486
0.5164042848018583,0.001920137461630281
0.5164042848018583,-0.0005123545704637279
0.5164042848018583,-0.0024446149422663556
0.5164042848018583,-0.003658529206937648
0.5164042848018583,-0.0039507073382268314
0.5164042848018583,-0.0031935948225928655
0.5164042848018583,-0.0013652625429874026
0.5164042848018583,0.0015070053563631671
0.5164042848018583,0.0053602145262628895
0.5164042848018583,0.010110230699398627
0.5164042848018583,0.015702150316280795
0.5164042848018583,0.02212038652042431
0.5319150202742645,0.029358063592145017
0.5474257557466709,0.03738491664307574
0.5629364912190771,0.04616293796151661
0.5784472266914834,0.055647548283826336
0.5939579621638896,0.0657962444809207
0.609468697636296,0.07657998009052461
0.6249794331087022,0.08794860655174597
0.6404901685811085,0.09981377619972984
0.6560009040535147,0.11204626992343245
0.6715116395259211,0.12450606967861534
0.6870223749983273,0.13702833183128094
0.7025331104707336,0.14945221222188182
0.7180438459431382,0.16166644222965307
0.7335545814155444,0.17357357171616639
0.7490653168879507,0.18509847898505052
0.764576052360357,0.19623228227659428
0.777070811490906,0.20700612709896177
0.7835336179377395,0.21742948585617336
0.7899964243845728,0.22749612008783376
0.7964592308314064,0.2371974541057557
0.8029220372782399,0.24647137132930014
0.8093848437250732,0.2552435597958255
0.8158476501719067,0.2635281570036685
0.8223104566187401,0.2714449646733936
0.8287732630655736,0.27915304464205026
0.835236069512407,0.28682544278580113
0.8416988759592405,0.2946260237309877
0.8481616824060739,0.3026276642008049
0.8546244888529074,0.3108081803677973
0.8610872952997408,0.31910797968073573
0.8675501017465743,0.3274489685034256
0.8740129081934078,0.3357855509535342
0.8804757146402412,0.3441497711213129
0.8765980307721433,0.3526710314343018
0.8675501017465779,0.3614786189952502
0.8585021727210124,0.3706239325463363
0.849454243695447,0.3800895258606081
0.8404063146698816,0.3897712471493099
0.8313583856443161,0.39948776581071477
0.8223104566187507,0.4090489274416301
0.8132625275931853,0.41827220755957756
0.8042145985676199,0.42698175848892783
0.7951666695420544,0.43505001238947644
0.786118740516489,0.44241698023219506
0.7770708114909236,0.4490814826008944
0.7680228824653581,0.45510241397694273
0.7589749534397927,0.4605771659697973
0.7499270244142273,0.46557635157831584
0.7408790953886619,0.47008714229137605
0.7318311663630964,0.4740158991220857
0.7344162889418283,0.4772152755167507
0.7370014115205602,0.4795182459422734
0.7395865340992922,0.48081671909727897
0.7421716566780241,0.48112973890591865
0.744756779256756,0.4806013230703502
0.7473419018354879,0.47948947883151377
0.7499270244142198,0.4781070561250842
0.7525121469929518,0.4767384797795299
0.7550972695716837,0.4755526218322979
0.7576823921504156,0.47460218118008934
0.7602675147291474,0.4738731378548716
0.7628526373078794,0.4732939729267258
0.7654377598866113,0.4727614478198336
0.7680228824653432,0.4721933793461846
0.7706080050440751,0.4715155375121774
0.773193127622807,0.4706453653296342
0.7753473964384194,0.4695068188231249
0.7766399577277928,0.46804537851587746
0.7779325190171661,0.4662218608318796
0.7792250803065394,0.46400408322417
0.7805176415959127,0.4613796037740007
0.781810202885286,0.45837578571288295
0.7831027641746593,0.45498549439922475
0.7843953254640327,0.45114277465968033
0.785687886753406,0.4468127364540502
0.7869804480427792,0.4421639872409611
0.7882730093321526,0.4372231105924195
0.7895655706215259,0.43121673471446137
0.7908581319108992,0.42349851604914895
0.7921506932002725,0.41298552436219976
0.7934432544896458,0.39815926104479876
0.7947358157790191,0.37754397197606415
0.7960283770683925,0.3494579730814217
0.8197253340401176,0.3165441652154711
0.8546244888530168,0.2830048883281374
0.889523643665916,0.25080592962920417
0.9244227984788153,0.22296751043154286
0.9593219532917144,0.20301813391314952
0.9942211081046136,0.192503067855053
1.029120262917513,0.1920752002498333
1.064019417730412,0.20168764020050642
1.098918572543311,0.22072927366382236
1.1338177273562104,0.24835700927640955
1.1687168821691096,0.283607039497473
1.2036160369820088,0.3253945824971539
1.238515191794908,0.3725474230361183
1.2734143466078072,0.423805057501586
1.3083135014207063,0.4778294609116851
1.3432126562336055,0.5332454648175374
1.3781118110465047,0.5884406720013206
1.363893636863468,0.6411578605994751
1.3496754626804317,0.6887547490237048
1.3354572884973948,0.7291972392029182
1.3212391143143585,0.760341742565873
1.3070209401313215,0.7807904824420743
1.2928027659482848,0.7905868812052811
1.2785845917652483,0.791463510466721
1.2643664175822116,0.7880139438227554
1.250148243399175,0.7824343375848973
1.2359300692161383,0.775094280352255
1.2217118950331016,0.7682685910297139
1.2074937208500651,0.7630377704567493
1.1932755466670284,0.7586820636674588
1.179057372483992,0.7549771853691659
1.1648391983009552,0.7516602853589012
1.1506210241179184,0.7484602030189407
1.137695411224247,0.7451987576368726
1.1273549209093046,0.741720287351507
1.117014430594362,0.7379321495709468
1.10667394027942,0.7338635086648001
1.0963334499644777,0.7296819831588626
1.0859929596495352,0.725654294706139
1.0756524693345928,0.7220878386679271
1.0653119790196504,0.7192038121916049
1.054971488704708,0.7171774400217598
1.0446309983897657,0.7161436540585591
1.0342905080748233,0.7161336293209125
1.023950017759881,0.7170483310349078
1.0136095274449386,0.7187140415883927
1.0032690371299964,0.7208679158944614
0.992928546815054,0.7232210622106401
0.9825880565001116,0.7255376411526193
0.9722475661851692,0.727657776647693
0.960183660817746,0.7294885362839517
0.9472580479240827,0.7310221935958889
0.9343324350304196,0.7322614443117762
0.9214068221367562,0.733173385121178
0.9084812092430944,0.7336834868327025
0.8955555963494309,0.7336671372956327
0.8826299834557676,0.732937264460956
0.8697043705621044,0.7313191912745809
0.856778757668441,0.7287430533683448
0.8438531447747777,0.7252114043430753
0.8309275318811145,0.7207915287236365
0.8180019189874511,0.7156255237506255
0.8050763060937878,0.709883503760245
0.7921506932001244,0.70372333414004
0.7792250803064611,0.6973187748858984
0.7662994674127979,0.6908414873380097
0.7533738545191345,0.6844148909372306
0.7417408029148299,0.6781542955226679
0.7301077513105253,0.672152093128366
0.7184746997062207,0.6664333085310715
0.706841648101916,0.6610071666419765
0.6952085964976114,0.6558738866881137
0.6835755448933067,0.6510050696981812
0.6719424932890021,0.6463490622584073
0.6603094416846975,0.6418744512334033
0.6486763900803929,0.6375264612070489
0.6370433384760883,0.6332364165237759
0.6254102868717837,0.6290114701034826
0.613777235267479,0.6248871843252747
0.6021441836631743,0.6209041374739324
0.5905111320588697,0.6171426093854638
0.5788780804545651,0.6136512076776136
0.5672450288502605,0.6104260382985491
0.559489661114057,0.6074326597348255
0.559489661114057,0.6046330685408438
0.559489661114057,0.601963685230672
0.559489661114057,0.5994002335864015
0.559489661114057,0.5969730115010154
0.559489661114057,0.5947009343497436
0.559489661114057,0.5925684287921997
0.559489661114057,0.5905456126610564
0.559489661114057,0.5885362938026497
0.559489661114057,0.5863759509499862
0.559489661114057,0.5839114316148324
0.559489661114057,0.5810085585407878
0.559489661114057,0.5775275696909292
0.559489661114057,0.5734060964613906
0.559489661114057,0.5686662062718105
0.559489661114057,0.5633402836721423
0.559489661114057,0.557514912722868
0.5482874632728798,0.5513573142398321
0.5314841665111151,0.5450334191723917
0.5146808697493502,0.5386666423363704
0.4978775729875854,0.5323608351970854
0.4810742762258206,0.5261617920773086
0.4642709794640559,0.5200540280120809
0.4474676827022911,0.5140612661060081
0.4306643859405262,0.5082541063965952
0.4138610891787615,0.5026973386699128
0.3970577924169967,0.497484540561922
0.3802544956552319,0.49274504986723605
0.3634511988934671,0.4885391935727138
0.3466479021317024,0.4848648667525174
0.3298446053699375,0.4816872674233672
0.3130413086081728,0.47888626779516225
0.2962380118464079,0.47623299321481666
0.2794347150846432,0.473478214458024
0.2742644699271688,0.4703536019690509
0.2690942247696934,0.4665743356334613
0.2639239796122191,0.4618912715553996
0.2587537344547436,0.45612517997417656
0.2535834892972693,0.44917168386811923
0.2484132441397938,0.4409993497894535
0.2432429989823195,0.4316755075343533
0.2380727538248441,0.42131990724827023
0.2329025086673698,0.4100602227509048
0.2277322635098943,0.39800786048351733
0.22256201835242,0.38527420710733945
0.2173917731949446,0.37195775867697917
0.2122215280374703,0.358221450561521
0.2070512828799948,0.3442705297057546
0.2018810377225205,0.3303656865081515
0.196710792565045,0.31679698000894385
0.2027427452487521,0.30384992736186334
0.2311790936148281,0.2917172040994929
0.2596154419808979,0.2804978555780225
0.288051790346974,0.27018675671531484
0.3164881387130437,0.2605639727495334
0.3449244870791197,0.2512472796063121
0.3733608354451895,0.24186123750680708
0.4017971838112656,0.23200385272593638
0.4302335321773353,0.22145798950299467
0.4586698805434114,0.2102800570683572
0.4871062289094812,0.19803125348975728
0.5155425772755572,0.18380730935605605
0.543978925641627,0.16578450538256395
0.572415274007703,0.14272858830591853
0.6008516223737728,0.11429255976091243
0.6292879707398488,0.08063027783493867
0.6577243191059186,0.04163360375299644
0.6758201771570633,-0.0003659762928444444
0.6887457900507362,-0.04785846600284423
0.701671402944412,-0.10049064904358022
0.714597015838085,-0.15737393672166228
0.7275226287317608,-0.21709185982442084
0.7404482416254337,-0.27772910163761333
0.7533738545191094,-0.33846912234309734
0.7662994674127823,-0.39849538212275115
0.7792250803064581,-0.4569913411584546
0.792150693200131,-0.5131404596320892
0.8050763060938068,-0.5661261977255315
0.8180019189874796,-0.6151320156206649
0.8309275318811555,-0.659341373499364
0.8438531447748284,-0.6979377315435121
0.8567787576685042,-0.7301045499349874
0.8697043705621771,-0.7550252888556699
1.4470484131462693,-2.1367961169960914
1.453511219593102,-2.1080375622077865
1.459974026039938,-2.0516118000996313
1.4664368324867705,-1.9707482680169897
1.472899638933603,-1.8686764033052223
1.4793624453804362,-1.7486256433096925
1.4858252518272717,-1.613825425375759
1.4922880582741045,-1.467505186848788
1.498750864720937,-1.3128943650741378
1.50521367116777,-1.1532223973971727
1.5116764776146057,-0.9917187211632501
1.5181392840614385,-0.8316127737177389
1.5246020905082711,-0.6761339924060192
1.531064896955104,-0.5425627817714672
1.5375277034019397,-0.4220254323541515
1.5439905098487725,-0.3169123160832939
1.5504533162956051,-0.2294734495440894
1.5439905098487614,-0.15952692307022512
1.5375277034019177,-0.10834209499170752
1.5310648969550709,-0.07661031684683846
1.5246020905082271,-0.06366985482713068
1.5181392840613834,-0.06983437948237217
1.5116764776145395,-0.09334462412321821
1.505213671167693,-0.12566545704555887
1.4987508647208492,-0.1577511135684442
1.4922880582740052,-0.18747065349908915
1.4858252518271615,-0.21333054371190482
1.479362445380315,-0.23728572053230504
1.4728996389334712,-0.26036634150158583
1.4664368324866273,-0.28285432791673937
1.4599740260397835,-0.3048416343010665
1.453511219592937,-0.32620095310622976
1.447048413146093,-0.3471227664628658
1.436707922831153,-0.36712013298237894
1.4186120647800209,-0.38518615144541246
1.40051620672888,-0.40038943634823543
1.3824203486777475,-0.4121539969251685
1.364324490626615,-0.4205070782906671
1.3462286325754824,-0.4259803582940892
1.328132774524342,-0.4292151355961626
1.3100369164732093,-0.43049569506615337
1.291941058422077,-0.43024127267464135
1.2738452003709444,-0.42970322876675593
1.2557493423198038,-0.4295755235185053
1.2376534842686713,-0.42994823836923474
1.2195576262175387,-0.43088657397705615
1.2014617681664062,-0.4312640475785389
1.1833659101152656,-0.4303583233320721
1.165270052064133,-0.4279119250663799
1.1471741940130007,-0.42414017417202143
1.1471741940130018,-0.4303992830174433
1.156222123038574,-0.432032543566674
1.165270052064142,-0.4299966772670921
1.1743179810897102,-0.42408540306259074
1.1833659101152785,-0.4136878624223708
1.1924138391408503,-0.398887682081482
1.2014617681664184,-0.3803834939768981
1.2105096971919864,-0.35841152527147446
1.2195576262175547,-0.333470065244325
1.2286055552431268,-0.3123037125970529
1.2376534842686948,-0.2856654541090667
1.2467014132942629,-0.254520527858289
1.255749342319831,-0.22011987468334687
1.2647972713454032,-0.18552046916101397
1.2738452003709713,-0.14980002641012938
1.282893129396539,-0.11307892519748802
1.2919410584221074,-0.07644491315910779
1.2635047100560255,-0.03810806764448522
1.235068361689956,0.001958427401127554
1.2066320133238866,0.043039841561147735
1.1781956649578174,0.08459029604699973
1.1497593165917352,0.12578450126652801
1.121322968225666,0.16497542044248287
1.0928866198595966,0.20038794414872615
1.0644502714935271,0.23096664426941918
1.0360139231274452,0.2722696524077707
1.007577574761376,0.31432309174585404
0.9791412263953064,0.3580988601864141
0.9507048780292372,0.4035293024629348
0.9222685296631552,0.4496087407669996
0.8938321812970859,0.49522882957574665
0.8653958329310165,0.5393950672597826
0.8369594845649471,0.5813148917515265
0.8119699663038417,0.6204687734283039
0.7938741082527018,0.665447524930737
0.7757782502015619,0.7083821667825946
0.757682392150422,0.7481329666861343
0.7395865340992741,0.7839915330839097
0.7214906760481342,0.8182743370338527
0.7033948179969944,0.8500826950471378
0.6852989599458545,0.8793116357679339
0.6672031018947067,0.9074069172080413
0.6491072438435668,0.9328514832138286
0.6310113857924269,0.9557399611880948
0.612915527741287,0.9774314684413407
0.5948196696901391,0.9973962740137065
0.5767238116389992,1.0152304086937025
0.5586279535878593,1.0313273539141479
0.5405320955367194,1.046365373709183
0.5224362374855716,1.060663534079637
0.4983084267507196,1.0743729109497275
0.4711646396740117,1.0875026335261728
0.4440208525973037,1.0999638800575764
0.4168770655205837,1.1116712073425254
0.3897332784438757,1.1226088316509115
0.3625894913671677,1.1328663187942787
0.3354457042904597,1.1425382027492113
0.3083019172137397,1.1516106294770785
0.2811581301370317,1.1599389648384
0.2540143430603238,1.167272525010781
0.2268705559836158,1.1733673423290867
0.1997267689068957,1.178104788517016
0.1725829818301878,1.181510194144092
0.1454391947534798,1.1837598779011436
0.1182954076767718,1.1851517730881724
0.0911516206000518,1.1859859975879559
0.0640078335233439,1.1864620613502803
0.0497896593403088,1.186687534363467
0.0355714851572737,1.1867121378202332
0.0213533109742324,1.1865809556846234
0.0071351367911973,1.186425908609883
-0.0070830373918377,1.1864682820105776
-0.0213012115748727,1.186977246720963
-0.0355193857579141,1.188231637995878
-0.0497375599409491,1.190448142515522
-0.0639557341239842,1.1937292457330524
-0.0781739083070193,1.1980737269780535
-0.0923920824900606,1.2033763765480399
-0.1066102566730957,1.2094439039838818
-0.1208284308561307,1.2160223152942433
-0.1350466050391658,1.2228063961894577
-0.1492647792222072,1.2294670878712437
-0.1634829534052422,1.2357040406059687
-0.1733925899570542,1.2412630151331197
-0.17468515124642,1.2459657879770105
-0.1759777125357864,1.2497368792255508
-0.1772702738251522,1.252579184751182
-0.1785628351145181,1.2545245541767456
-0.1798553964038839,1.255616583009827
-0.1811479576932503,1.2558882129034492
-0.1824405189826161,1.2553385373807457
-0.1837330802719819,1.2539827368611354
-0.1850256415613477,1.2518901187300844
-0.1863182028507136,1.2491807649411206
-0.18761076414008,1.2460535738719347
-0.1889033254294458,1.2427427893435823
-0.1901958867188116,1.2394314213198787
-0.1914884480081774,1.2362262287072159
-0.1927810092975438,1.2331168909363304
-0.1940735705869096,1.2299529537214442
-0.1746851512464051,1.2264958066439182
-0.1449562415909656,1.2224764152579675
-0.1152273319355127,1.2176558956024333
-0.0854984222800731,1.2119084374189835
-0.0557695126246335,1.20523913623634
-0.0260406029691939,1.1977720281586264
0.0036883066862588,1.1897242331497162
0.0334172163416984,1.1813477475972978
0.063146125997138,1.172889353107286
0.0928750356525776,1.164574216508593
0.1226039453080304,1.1565811699665292
0.15233285496347,1.1490216160802031
0.1820617646189097,1.1419303720657903
0.2117906742743493,1.1352612175742063
0.241519583929802,1.1288950933094348
0.2712484935852417,1.1227054637845155
0.3009774032406813,1.1165838254716813
0.3255360677386503,1.110485325298079
0.3500947322366301,1.1044631597260313
0.3746533967345991,1.0986446905536562
0.3992120612325681,1.0931716504807478
0.4237707257305371,1.0881382735864502
0.448329390228517,1.0835280383288164
0.472888054726486,1.0792293115724605
0.4974467192244549,1.0750837099356056
0.5220053837224239,1.0709604824338228
0.5465640482204038,1.0668450531235227
0.5711227127183728,1.0628460913679296
0.5956813772163417,1.0591560892477991
0.6202400417143108,1.056031339015274
0.6447987062122906,1.0537583068863041
0.6693573707102596,1.0526089173681727
0.6939160352082285,1.0528051816472361
0.7180438459430768,1.054444914197398
0.741309949151694,1.0574666104955646
0.7645760523603008,1.0616476229968665
0.7878421555689077,1.0666115171723327
0.8111082587775145,1.0719043412078022
0.8343743619861317,1.077094975726557
0.8576404651947385,1.0818672424613163
0.8809065684033452,1.0860408529106116
0.904172671611952,1.0895773645329399
0.9274387748205692,1.0925168110555499
0.950704878029176,1.0949227934179884
0.973970981237783,1.096813362370836
0.9972370844463898,1.0981207678081086
1.0205031876550068,1.0987147851473718
1.0437692908636138,1.0984330828287936
1.0670353940722206,1.0971095656776977
1.0903014972808274,1.0946318217178928
1.0997802800695236,1.0910064212760668
1.1023654026482623,1.0863233502942036
1.104950525227001,1.0807603498303024
1.1075356478057403,1.0745715571411667
1.1101207703844802,1.0680406013538288
1.1127058929632192,1.06141438174509
1.1152910155419582,1.0548570294829245
1.117876138120697,1.0484058589141103
1.120461260699437,1.042012772872678
1.123046383278176,1.0356157868148825
1.125631505856915,1.0291870513475807
1.1282166284356538,1.0227828426460006
1.130801751014394,1.0165744192737693
1.133386873593133,1.01080743912172
1.1359719961718715,1.0057173637677996
1.1385571187506107,1.0015066783750397
1.1411422413293508,0.9983047724560802
1.1359719961718913,0.996160753901317
1.1308017510144317,0.9950428098000358
1.125631505856972,0.9948690041076914
1.12046126069951,0.9955389421027084
1.1152910155420506,0.9969646212502774
1.1101207703845908,0.9991078745894989
1.1049505252271312,1.001974985656389
1.0997802800696694,1.0055663652379114
1.0946100349122097,1.009829587873212
1.08943978975475,1.0146326170561992
1.0842695445972903,1.0197518108783032
1.0790992994398283,1.0249332951916197
1.073929054282369,1.0299478584319586
1.0687588091249094,1.034650202030359
1.0635885639674498,1.0390134349372027
1.0584183188099878,1.0431190486524258
1.0541097811787672,1.047103069158975
1.0515246586000246,1.0511314987295999
1.048939536021282,1.055331657084351
1.0463544134425382,1.0597355027155184
1.0437692908637954,1.0642946768503274
1.041184168285053,1.0688423375978366
1.03859904570631,1.0731385542349718
1.0360139231275662,1.0769163215065902
1.0334288005488237,1.0799032070702645
1.0308436779700811,1.081858214904602
1.0282585553913384,1.0826462520643736
1.0256734328125945,1.0822114915665737
1.023088310233852,1.0805570727426805
1.0205031876551092,1.077732486022213
1.0179180650763666,1.0737781763995415
1.0153329424976227,1.0686704459847542
1.0127478199188802,1.0624121859377587
1.0153329424976103,1.0550318729289012
1.0205031876550774,1.0466057503048056
1.0256734328125467,1.0373108597816203
1.0308436779700136,1.0274031214007375
1.0360139231274808,1.0171338678610364
1.0411841682849476,1.0067132290770275
1.046354413442417,0.9962899373284952
1.051524658599884,0.9859039242049858
1.0566949037573508,0.975517577561847
1.0618651489148176,0.9650644531024518
1.067035394072287,0.9544579361695635
1.072205639229754,0.9436377506045719
1.077375884387221,0.9325706467174834
1.082546129544688,0.9212588040008629
1.087716374702157,0.9097063406775109
1.092886619859624,0.8979318957895628
1.098056865017091,0.8859778814798189
1.0644502714935502,0.8738806097823605
1.0308436779700094,0.861667149801553
0.997237084446454,0.8493520668976583
0.9636304909229132,0.8369278650795865
0.9300238973993724,0.8243551169274866
0.8964173038758316,0.8116194848917969
0.862810710352276,0.798736272131754
0.8292041168287352,0.7857073453204197
0.7955975233051944,0.7725454831325719
0.7619909297816536,0.7592735907671925
0.728384336258098,0.7458902123183149
0.6947777427345573,0.73236163378717
0.6611711492110165,0.7186497425340205
0.6275645556874758,0.7047027538936518
0.59395796216392,0.6904447253125313
0.5603513686403794,0.6758222288914829
0.5357927041424079,0.6608441865313581
0.5293298976955751,0.645524198130069
0.5228670912487394,0.6299029826405832
0.5164042848019067,0.6140613111712321
0.5099414783550739,0.5980584562751824
0.5034786719082411,0.5819236946250195
0.4970158654614054,0.5656939199708972
0.4905530590145727,0.5493907676824293
0.4840902525677398,0.5329646167710378
0.4776274461209071,0.5163106317951585
0.4711646396740714,0.4992622353560125
0.4647018332272387,0.4815840120346272
0.4582390267804058,0.4630122428368177
0.451776220333573,0.44336225252222544
0.4453134138867374,0.42253805314937837
0.4388506074399046,0.40057254265423287
0.4323878009930718,0.37764952703562554
0.4405740224923973,0.3540762331522032
0.4560847579648087,0.33023381138714264
0.4715954934372133,0.30651268196312204
0.4871062289096178,0.28321883623722954
0.5026169643820224,0.2605176519929158
0.5181276998544339,0.23849003824422432
0.5336384353268384,0.2171085325171872
0.549149170799243,0.19623019797505703
0.5646599062716475,0.17572514217273366
0.580170641744059,0.15548524274496817
0.5956813772164635,0.1354828380226743
0.6111921126888681,0.11588321403470944
0.6267028481612726,0.09714582797886241
0.6422135836336841,0.07975433728182496
0.6577243191060886,0.06383994418662714
0.6732350545784932,0.04939165869063354
0.6887457900508978,0.036450151622940755
0.6822829836040513,0.02526657368307538
0.6758201771572077,0.016173152840166197
0.6693573707103639,0.009500466018749553
0.6628945642635203,0.005542671236864535
0.6564317578166738,0.004442088070492276
0.6499689513698302,0.006306907972432196
0.6435061449229866,0.011031333059123663
0.6370433384761429,0.018067433204746294
0.6305805320292964,0.025967733563757874
0.6241177255824528,0.03429443318820194
0.6176549191356092,0.042609731130096376
0.6111921126887656,0.05047582644145904
0.6047293062419191,0.05745491817430781
0.5982664997950755,0.06310920538066227
0.5918036933482318,0.06700088711253858
0.5853408869013882,0.06869216242195633
0.5793089342176673,0.06774523036093337
0.5741386890602003,0.0637222899814876
0.5689684439027333,0.05618554033563687
1.015332942497598,3.428692391456015
1.036013923127469,3.277452212018024
1.05669490375734,3.1428753691206732
1.0773758843872108,3.023810656931765
1.098056865017091,2.91910686961911
1.1045196714639312,2.827612801350501
1.110982477910771,2.7481772462937455
1.1174452843576113,2.6796489986166474
1.1239080908044543,2.620876852487012
1.1303708972512945,2.5707096020726317
1.1368337036981346,2.5279960415413205
1.1432965101449746,2.491584965060879
1.1497593165918176,2.4603251667990773
1.1562221230386578,2.437267818683777
1.162684929485498,2.4086519811949674
1.169147735932338,2.380218195728273
1.175610542379181,2.349408896380875
1.182073348826021,2.31778387596112
1.1885361552728613,2.2863925567742935
1.1949989617197014,2.255605386394804
1.2014617681665445,2.2256169844415146
1.206201159560893,2.1963240988481214
1.207493720850259,2.167616326330506
1.2087862821396247,2.1394359533162954
1.210078843428991,2.1118206871677363
1.211371404718357,2.0850289364729346
1.2126639660077227,2.0593524531572927
1.2139565272970887,2.0349868738749324
1.215249088586455,2.012114979254616
1.216541649875821,1.9908082486810015
1.2178342111651868,1.9709634207330022
1.2191267724545527,1.9523130601305831
1.220419333743919,1.9344625789334517
1.2217118950332848,1.917033872385017
1.2230044563226508,1.8996465653118104
1.2242970176120165,1.881594502010554
1.2255895789013829,1.8618833296785373
1.2268821401907488,1.839560106661871
1.2100788434289735,1.813415333831882
1.1842276176416278,1.7825275123250592
1.1583763918542704,1.7467452581773748
1.1325251660669244,1.7057310850557408
1.1066739402795789,1.659751590090112
1.0808227144922329,1.6104568220580366
1.0549714887048756,1.5608315526410228
1.0291202629175298,1.512455917112569
1.003269037130184,1.465771926665519
0.977417811342838,1.4245377800730852
0.9515665855554808,1.3808259194683792
0.9257153597681348,1.3430874744834715
0.8998641339807891,1.3128323917120301
0.8740129081934433,1.2915706177477004
0.848161682406086,1.2808120991841252
0.8223104566187402,1.282066782614946
0.7964592308313944,1.2968446146338075
0.8003369146994992,1.3266555418343515
0.804214598567604,1.3730095108102223
0.8080922824357105,1.4374164681550603
0.8119699663038153,1.521386360462511
0.8158476501719202,1.6264291343262154
1.246270559531231,1.4896745506774227
1.2423928756631206,1.281090544661277
1.238515191795012,1.1011641440761013
1.2346375079269036,0.9477530935749987
1.2307598240587954,0.8187151378110766
1.226882140190685,0.7119080214374411
1.2230044563225766,0.625189489107195
1.219126772454468,0.5564172854734475
1.2152490885863596,0.5034491551892997
1.2113714047182491,0.4641428429078592
1.2074937208501408,0.4363560932822321
1.2036160369820323,0.41794665096552286
1.1997383531139238,0.4067722606108083
1.1958606692458138,0.39915905273511143
1.1919829853777053,0.3955663744738092
1.1881053015095968,0.38599760436612934
1.1842276176414883,0.3653002739085547
1.2049085982713683,0.3398997591944827
1.2255895789012394,0.3128720938086578
1.2462705595311103,0.2853157112561716
1.2669515401609814,0.25806677777446635
1.2876325207908614,0.23200479392756995
1.3083135014207323,0.20797235455784857
1.3289944820506034,0.18655397569478702
1.3496754626804743,0.1680278712731622
1.3703564433103546,0.15248616827647135
1.3910374239402254,0.13991808385335266
1.4117184045700966,0.13017910898043739
1.4323993851999677,0.12299766474806255
1.4530803658298477,0.11814656936618362
1.4737613464597186,0.11550311494899942
1.4944423270895897,0.11490897127628041
1.5151233077194606,0.11614140239905943
1.5401128259805663,0.11889879192577206
1.5737194195041144,0.12279697420889994
1.6073260130276623,0.12746843133006008
1.6409326065512106,0.13265192913870796
1.6745392000747736,0.13815657533054865
1.7081457935983215,0.1438150640211997
1.7417523871218696,0.14945017571252292
1.7753589806454178,0.15485837631935506
1.808965574168981,0.15983322548521722
1.8425721676925289,0.16428511974028018
1.876178761216077,0.16828791411356533
1.909785354739625,0.1719790475248127
1.943391948263188,0.17575919745538582
1.976998541786736,0.1803122655567248
2.0106051353102843,0.18622917939632902
2.044211728833832,0.19409216469889265
2.0778183223573956,0.20445238912975988
2.0941907653560485,0.2176697621743675
2.101946133092255,0.23405411352463593
2.1097015008284608,0.25415310739352903
2.11745686856467,0.2783846487766423
2.125212236300876,0.30679459318735564
2.132967604037082,0.3391959607467638
2.140722971773288,0.3752076379351947
2.1484783395094973,0.41425642241805405
2.156233707245703,0.4556161660963824
2.163989074981909,0.4984091332918856
2.1717444427181154,0.5415308207713291
2.1794998104543244,0.5836743584366904
2.1872551781905307,0.6234373025095362
2.1950105459267366,0.6594662000832373
2.2027659136629425,0.69059926148702
2.210521281399152,0.4891567460768107
2.218276649135358,0.3843781519450697
2.200180791084218,0.3664554312439583
2.182084933033078,0.42633417746563806
2.1639890749819304,0.5559861113925517
2.1458932169307903,0.7484553453838004
2.1277973588796506,0.9985004662185321
2.1097015008285105,1.3287234145541884
2.091605642777363,1.675487221359521
2.0735097847262227,2.0315498778098133
2.055413926675083,2.392447973039657
2.037318068623943,2.753913568700328
2.0192222105727953,3.110553135264052
2.001126352521655,3.455765278845946
1.9830304944705155,3.7817438602523
1.9649346364193756,4.078555459588491
1.9468387783682275,4.332290043676721
1.928742920317088,4.531010021588564
1.907200232160969,4.681293968279072
1.8787638837948917,4.782870670183766
1.8503275354288016,4.829924382119289
1.821891187062724,4.814610124131704
1.7934548386966465,4.728447064975316
1.765018490330569,4.5624734347836995
1.736582141964479,4.307141671182198
1.7081457935984012,4.299762381738033
1.6797094452323238,4.306008424646156
1.6512730968662463,4.32583523510118
1.622836748500169,4.359198248297686
1.594400400134079,4.406052899430259
1.5659640517680014,4.466354623693476
1.537527703401924,4.540058856281918
1.5090913550358465,4.627121032390171
1.4806550066697564,4.7274965872128085
1.452218658303679,4.84114095594442
1.428090847568826,4.96800957377958
1.4061173056495848,5.108057875912871
1.1376954112243938,-1.011407379648401
1.1338177273562908,-0.886930406347775
1.1299400434881914,-0.7714669420297323
1.1260623596200887,-0.6647154690937935
1.1221846757519858,-0.566374469939476
1.1135676004895476,-0.47614242696630094
1.0954717424384033,-0.39371782257378235
1.0773758843872752,-0.3187991391614429
1.059280026336131,-0.2510848591288021
1.0411841682849867,-0.1902734648753738
1.0230883102338586,-0.13606343880068264
1.0049924521827145,-0.08815326330424268
0.98689659413157,-0.04624142078560064
0.968800736080442,-0.003686700025458831
0.9507048780292976,0.030018459557413675
0.9326090199781696,0.05478989727641935
0.9145131619270253,0.07085148979878185
0.896417303875881,0.07944410112860738
0.8783214458247528,0.08350176913379095
0.8602255877736087,0.08623446808201583
0.8421297297224644,0.08840415110780923
0.8240338716713362,0.0895769230658383
0.8533319275636446,0.08924436461669255
0.9063269404276638,0.08688380398586437
0.9593219532917302,0.08229420277047025
1.0123169661557965,0.0760633123402336
1.0653119790198158,0.06917440113244663
1.118306991883882,0.06279684538484072
1.1713020047479483,0.05831023972132389
1.2242970176119676,0.05686831387793962
1.2772920304760338,0.059194128072765646
1.330287043340053,0.06591639879953597
1.3832820562041197,0.07744464355660975
1.436277069068186,0.0937953061478159
1.489272081932205,0.11467521691726175
1.542267094796271,0.13947349533588874
1.5952621076603375,0.1676967264126209
1.6482571205243568,0.19892166264966904
1.7012521333884232,0.2326356950612966
1.7025446946777885,0.2683807934694822
1.7038372559671549,0.3055884994717133
1.7051298172565212,0.34372921890459307
1.7064223785458863,0.3825077019558273
1.707714939835253,0.4219443579688717
1.7090075011246193,0.4623123914568321
1.7103000624139844,0.5039567765924632
1.7115926237033507,0.5466266792625696
1.712885184992716,0.5896530597752501
1.7141777462820824,0.6324012746674099
1.7154703075714488,0.6744149782227605
1.716762868860814,0.7154742051109307
1.7180554301501805,0.7557221781713802
1.7193479914395469,0.795723670243761
1.720640552728912,0.8360067347967772
1.7219331140182783,0.8769946912671847
1.7193479914395489,0.919091516174064
1.7090075011246104,0.9622634880871261
1.698667010809672,1.0063372380041726
1.6883265204947426,1.0509747604096056
1.677986030179804,1.095575107927288
1.6676455398648655,1.139570825109417
1.6573050495499362,1.1823574594465196
1.6469645592349975,1.2232969396427769
1.6366240689200684,1.2619308862502434
1.6262835786051295,1.2979088175067308
1.6159430882901913,1.3308997573970853
1.605602597975262,1.360696953015536
1.5952621076603235,1.3871848242775184
1.5849216173453848,1.4102247183590781
1.5745811270304555,1.4296500105757033
1.564240636715517,1.445400455356046
1.5539001464005875,1.457540564969744
1.545283071138132,1.4662463901151308
1.537527703401919,1.4719121716507746
1.5297723356657127,1.4751772055802235
1.5220169679294997,1.476735012868306
1.5142616001932867,1.4772749932406086
1.5065062324570806,1.4772413114928749
1.4987508647208674,1.4765244713289656
1.4909954969846613,1.4741849043365285
1.4832401292484485,1.46828039494296
1.475484761512235,1.4570375737230419
1.467729393776029,1.440125011107682
1.459974026039816,1.419039394563954
1.4522186583036027,1.396299319688401
1.4444632905673966,1.3742493334402381
1.4367079228311836,1.3549456432044649
1.428952555094977,1.340312802488474
1.4211971873587643,1.3322127500180923
1.4199046260694053,1.3323396472837175
1.4186120647800473,1.3417834860274003
1.4173195034906882,1.3607869067216045
1.4160269422013303,1.3886834170926088
1.4147343809119717,1.4239806869542455
1.4134418196226124,1.4647490632985316
1.4121492583332544,1.5091523700998046
1.4108566970438954,1.5556815965386985
1.4095641357545363,1.6031147379474489
1.4082715744651784,1.6495711551563779
1.4069790131758195,1.6906509860153458
1.4056864518864616,1.7207205245485044
1.4043938905971023,1.7344229111511713
1.4031013293077437,1.7281603426905539
1.4018087680183855,1.699841558732545
1.4005162067290264,1.6491915780415087
1.3897448626509574,1.5791551815352476
1.36001595299552,1.4981060502229648
1.3302870433400562,1.4074889193276896
1.3005581336846188,1.3087485240724233
1.270829224029155,1.2033295996801625
1.2411003143736912,1.09267688137391
1.2113714047182538,0.9782351043766665
1.18164249506279,0.8614490039114291
1.151913585407326,0.7437633152011986
1.1221846757518883,0.6266227734689757
1.0924557660964247,0.5114721139377593
1.0627268564409873,0.39975607183055173
0.3371691193430233,2.5523284315922248
0.3488021709473318,2.5366916625029354
0.3604352225516404,2.513122163472567
0.3720682741559387,2.4820306029254473
0.3837013257602473,2.443827649285903
0.3953343773645558,2.398923970978255
0.4069674289688541,2.3477302364268366
0.4186004805731627,2.290657114055976
0.4302335321774609,2.228115272289988
0.4366963386242929,2.1605153795532117
0.4431591450711248,2.088268104269965
0.4496219515179511,2.0117841148645774
0.4560847579647831,1.9314740797613479
0.462547564411615,1.8436081131202156
0.4690103708584413,1.7535043397569134
0.4754731773052733,1.6612871003487781
0.4819359837520995,1.5679572794604577
0.4883987901989315,1.4743366812485876
0.4948615966457635,1.3809377688212425
0.5013244030925897,1.2891780788625906
0.5077872095394217,1.2005141078155954
0.5142500159862538,1.1155086557783156
0.5207128224330799,1.033921397405357
0.5271756288799119,0.9557901900616101
0.5336384353267382,0.8817360522417572
0.5418246568260624,0.8127280556617913
0.5534577084303667,0.7498152350206584
0.5650907600346607,0.6919962912178302
0.576723811638965,0.6357688212859206
0.5883568632432693,0.580509873730916
0.5999899148475633,0.5272254312048734
0.6116229664518675,0.47593289254968285
0.6232560180561615,0.42693151826724357
0.6348890696604658,0.37869810747280214
0.64652212126477,0.3257521089062526
0.658155172869064,0.2757344518714727
0.6697882244733683,0.2329834118552126
0.6814212760776622,0.19189129591298168
0.6930543276819665,0.16132746504954684
0.7046873792862709,0.1434090892197771
0.7163204308905649,0.14025333837852097
0.7279534824948691,0.15397738248062007
0.7499270244141175,0.18669839148091777
0.7770708114908208,0.24053353533426253
0.8042145985675482,0.3175999839954977
0.8313583856442515,0.42001490741946673
0.8585021727209787,0.5498954755610128
0.8856459597977062,0.7093588583749864
0.9127897468744096,0.9005222258162271
1.3651861981529658,0.6051605179793899
1.391037423940312,0.6031446730556914
1.4168886497276354,0.6033012915366218
1.4427398755149818,0.6054070832326452
1.468591101302305,0.6092387579542143
1.4944423270896512,0.6145730255117865
1.5202935528769976,0.621186595715821
1.546144778664321,0.6288561783767754
1.5719960044516672,0.6373584833051037
1.5978472302390134,0.646470220311267
1.6090494280801992,0.6559680992057193
1.5909535700290551,0.6656288297989198
1.5728577119779268,0.6752291219012952
1.554761853926783,0.6850686574458571
1.5366659958756383,0.6942137016638033
1.5185701378245102,0.7024231009002688
1.500474279773366,0.7098908158366627
1.4823784217222218,0.7163950281209407
1.4642825636710937,0.7213959022699407
1.446186705619949,0.7241755577084613
1.4280908475688212,0.7239117104592779
1.4099949895176769,0.7199047819090852
1.3918991314665328,0.7117892687090165
1.3738032734154046,0.6993828862452229
1.3557074153642603,0.6826476701784948
1.337611557313116,0.6617965930347243
1.319515699261988,0.6372318729461118
1.3255476519456897,0.6094310015703903
1.343643509996814,0.5789707383587583
1.3617393680479546,0.5464755615170183
1.3798352260990951,0.5124800645346096
1.3979310841502195,0.4775303721964666
1.4160269422013605,0.44219776637865366
1.4341228002525008,0.40700423440550176
1.4522186583036252,0.3724426367963648
1.470314516354766,0.33895526302915036
1.4884103744058903,0.306798582729251
1.5065062324570309,0.2760966740226553
1.5246020905081714,0.24698389601394213
1.542697948559296,0.21955701172080616
1.5607938066104363,0.19384606777124966
1.578889664661577,0.1698873907604657
1.5969855227127017,0.14772009405175748
1.6150813807638422,0.12712275974804724
1.6008632065808135,0.10749396253958314
1.586645032397772,0.08831550192525689
1.5724268582147307,0.06933103692725202
1.558208684031702,0.050418816882802565
1.5439905098486606,0.031640518556355406
1.5297723356656192,0.013175843162202177
1.5155541614825905,-0.0049884502749400345
1.501335987299549,-0.023097337013027804
1.4871178131165204,-0.04137053343683245
1.472899638933479,-0.05993676606201044
1.4586814647504376,-0.078847491157787
1.4444632905674089,-0.09805066603603034
1.4302451163843677,-0.11758557323858582
1.416026942201326,-0.13764270318482436
1.4018087680182971,-0.1582543664004914
1.387590593835256,-0.17904557816668976
1.3798352260990565,-0.19951386509669433
1.3850054712565367,-0.220503314248401
1.390175716414017,-0.24229541792407655
1.3953459615714925,-0.26467378775923794
1.400516206728973,-0.28736656148677026
1.4056864518864531,-0.31023164218205984
1.410856697043929,-0.33330914817434726
1.4160269422014091,-0.35671264637643185
1.421197187358885,-0.3803771853458628
1.4263674325163649,-0.40388288505091935
1.431537677673845,-0.42670859935080124
1.4367079228313209,-0.4484410312735336
1.441878167988801,-0.4688354079946294
1.4470484131462815,-0.48788286637510564
1.452218658303757,-0.5057897052793651
1.4573889034612373,-0.5227185473626094
1.462559148618713,-0.5386053542840948
1.4746230539861396,-0.5532719864278813
1.4901337894585436,-0.566523744829813
1.5056445249309338,-0.578226036463865
1.521155260403338,-0.5883545525737713
1.536665995875742,-0.5968937496948595
1.5521767313481325,-0.6037102550437349
1.5676874668205365,-0.6087954496065605
1.5831982022929267,-0.61270474888228
1.598708937765331,-0.6166623626348096
1.614219673237735,-0.6206574136788369
1.6297304087101254,-0.6247337443296822
1.6452411441825294,-0.6290833780321448
1.6607518796549334,-0.6337904563789327
1.676262615127324,-0.636068489185828
1.691773350599728,-0.6399388651985439
1.7072840860721183,-0.6459245977220979
1.7227948215445223,-0.6538826755581342
1.742183240885033,-0.6634941579512436
1.7615716602255265,-0.6746564896756452
1.780960079566037,-0.6876169663403512
1.8003484989065304,-0.7024267107220495
1.819736918247041,-0.7188173499749161
1.839125337587552,-0.7363410771584828
1.8585137569280452,-0.7547191786028161
1.8779021762685555,-0.7738867175375783
1.8972905956090664,-0.7935689504474239
1.91667901494956,-0.8133671037620177
1.9360674342900703,-0.8329928528707131
1.955455853630564,-0.8523351173175092
1.9748442729710745,-0.8712606894140317
1.9942326923115852,-0.8896266388059961
2.0136211116520784,-0.9073773233490815
2.0330095309925893,-0.924619814004164
2.0523979503331025,-0.9415205280506874
2.071786369673603,-0.9580768934284238
2.091174789014121,-0.9740663913581752
2.1105632083546215,-0.9892218540442125
2.1299516276951396,-1.0034332765202632
2.1493400470356576,-1.0208782633192428
2.1687284663761583,-1.0389518795045585
2.1881168857166764,-1.0570040856731815
2.2075053050571944,-1.0748475900307193
2.226893724397695,-1.0925658940076564
2.246282143738213,-1.1101483771452105
2.265670563078714,-1.1271797787482811
2.285058982419232,-1.1432420310922373
2.3044474017597496,-1.1581026177990008
2.3238358211002508,-1.171760758134362
2.3432242404407684,-1.1841371676140906
2.3626126597812864,-1.1948692822927016
2.3673520511756267,-1.2037007103234902
2.364766928596894,-1.2105954523279705
2.3621818060181634,-1.2155801555595378
2.35959668343943,-1.218612905836547
2.357011560860698,-1.2197142651656199
2.3544264382819673,-1.2190383454405649
2.3518413157032345,-1.2168117718675826
2.3492561931245017,-1.213225592508963
2.346671070545771,-1.2084176729273945
2.3440859479670384,-1.2024967438948686
2.3415008253883083,-1.1955651176895992
2.3389157028095755,-1.187724001625715
2.3363305802308427,-1.1790975118996356
2.333745457652112,-1.1698324204809114
2.3311603350733794,-1.1601037515861088
2.3285752124946466,-1.150107559097357
2.325990089915916,-1.1400432980533108
2.2962611802604593,-1.130103007753937
2.2665322706050293,-1.1204419658365947
2.236803360949573,-1.1110991726210782
2.2070744512941163,-1.101951969999817
2.177345541638686,-1.0928272967772656
2.1476166319832295,-1.083609793641138
2.1178877223277732,-1.0742728583238002
2.088158812672343,-1.0648600493610028
2.0584299030168864,-1.0554825105571335
2.0287009933614564,-1.0462823793026623
1.998972083706,-1.0373295738466635
1.9692431740505432,-1.02847102736145
1.939514264395113,-1.0195057446817857
1.9097853547396568,-1.0103395931290684
1.8800564450842003,-1.0007672665585516
1.85032753542877,-0.9904606607998175
1.8296465547988965,-0.9793663101398176
1.8270614322201657,-0.9674158315562996
1.824476309641433,-0.9540456023054724
1.8218911870627,-0.9389820594927533
1.8193060644839696,-0.9223696543613865
1.8167209419052368,-0.9044545548300421
1.814135819326504,-0.8853207885342335
1.8115506967477737,-0.8650588309372019
1.808965574169041,-0.843950847020006
1.8063804515903104,-0.822341147069011
1.8037953290115776,-0.800228142401304
1.8012102064328448,-0.7773970322170414
1.7986250838541145,-0.7540161269434502
1.7960399612753817,-0.7304617561651421
1.793454838696649,-0.7068471166839523
1.7908697161179183,-0.6832810009007939
1.7882845935391856,-0.6599885167568952
1.7701887354880432,-0.6367958911459276
1.744337509700682,-0.6131586753069633
1.7184862839133213,-0.588668203160931
1.6926350581259832,-0.5631917757356243
1.6667838323386222,-0.5367269569858177
1.6409326065512613,-0.509246692381352
1.615081380763923,-0.48087125286773696
1.5892301549765622,-0.4518731276652274
1.5633789291892242,-0.42223777359987014
1.537527703401863,-0.3918888142081361
1.5116764776145022,-0.361380369994487
1.4858252518271642,-0.3312892621828071
1.459974026039803,-0.30199413680289183
1.4341228002524422,-0.2739875000481473
1.408271574465104,-0.24775872615414055
1.382420348677743,-0.22318820025971386
1.356569122890405,-0.1987863557083408
1.3669096132053509,-0.17232819210498435
1.3772501035202969,-0.1421478750540565
1.3875905938352335,-0.10739354954812184
1.3979310841501795,-0.0679682805188872
1.4082715744651253,-0.02399531375990001
1.418612064780062,0.024280991320478434
1.428952555095008,0.07649885672854609
1.4392930454099446,0.13236041986509
1.4496335357248904,0.19126653477606972
1.4599740260398364,0.25217606605181064
1.470314516354773,0.3139318114205939
1.4806550066697188,0.37531032827836536
1.4909954969846648,0.43501785757667766
1.5013359872996015,0.4918824263117431
1.5116764776145473,0.5450126701779182
1.522016967929484,0.5936323331406047
1.5207244066401129,0.6371173842107609
1.4961657421421375,0.6753361282473817
1.4716070776441847,0.7085008828371399
1.4470484131462098,0.7363602254766562
1.4224897486482349,0.7600653596253499
1.3979310841502817,0.7768088546837674
1.3733724196523067,0.7869854008413012
1.3488137551543538,0.7907734142538263
1.3242550906563788,0.7886771486730211
1.299696426158404,0.7807320236181668
1.275137761660451,0.7666512996700189
1.250579097162476,0.7454161672793622
1.2260204326645228,0.7171186855515054
1.2014617681665478,0.6855444121788576
1.176903103668573,0.6495017144741694
1.15234443917062,0.6093564535465122
1.127785774672645,0.5654744905049295
1.1230463832782858,0.5182216864584723
1.128216628435743,0.46796390251618203
1.1333868735932051,0.4150669997871016
1.1385571187506622,0.359896839380279
1.1437273639081242,0.3028192824047589
1.1488976090655862,0.24420018996958767
1.1540678542230434,0.18440542318380818
1.1592380993805054,0.12380084315646506
0.5892185707696338,-0.5920172122475058
0.5620747836929101,-0.5370022748613513
0.5349309966161864,-0.49103671768653095
0.5077872095394868,-0.45346638528037797
0.4806434224627631,-0.4236371222002293
0.4534996353860394,-0.4008947730034165
0.4263558483093398,-0.38458518224727295
0.3992120612326161,-0.3740541944891371
0.3720682741559165,-0.368647654286339
0.3449244870791928,-0.36771140619621534
0.3177807000024691,-0.3705912947760995
0.2906369129257695,-0.37663316458332485
0.2634931258490458,-0.38518286017524866
0.2363493387723221,-0.39620120080874
0.2350567774829568,-0.4061594626868867
0.2337642161935904,-0.41357415711323153
0.2324716549042252,-0.4195864013263663
0.2311790936148588,-0.4254209657469323
0.2298865323254924,-0.43180677220884406
0.2285939710361271,-0.43919181259701784
0.2273014097467607,-0.4478562153278648
0.2260088484573943,-0.45777704033683986
0.2247162871680291,-0.46855634187181705
0.2234237258786627,-0.47959945292778844
0.2221311645892975,-0.49024103416989906
0.2208386032999311,-0.4999537236752731
0.2195460420105647,-0.5085577975602791
0.2182534807211995,-0.5157327156874648
0.216960919431833,-0.5208597560377348
0.2156683581424666,-0.5235938552926277
0.2096364054587615,-0.5237227434394459
0.19412566998635,-0.5207833964953817
0.1786149345139524,-0.5143814147818497
0.1631041990415409,-0.504325676507113
0.1475934635691295,-0.49058632660731516
0.1320827280967318,-0.47340464775225805
0.1165719926243204,-0.4534503632571631
0.101061257151909,-0.4317977016032749
0.0855505216795113,-0.409645827362174
0.0700397862070998,-0.38803523266603607
0.0545290507347022,-0.3676380016197064
0.0390183152622908,-0.34891334659348416
0.0235075797898793,-0.33323979345465765
0.0079968443174817,-0.3222544542095394
-0.0075138911549297,-0.31680585672628825
-0.0230246266273411,-0.30444517526585146
-0.0385353620997388,-0.3037097982373691
-0.0445673147834626,-0.3140094788919186
-0.0458598760728352,-0.33418199848379737
-0.047152437362209,-0.3564620047041923
-0.0484449986515827,-0.38412319191669286
-0.0497375599409553,-0.4171851687583597
-0.0510301212303291,-0.45566754386628283
-0.0523226825197028,-0.4995899258775434
-0.0536152438090754,-0.5489719234292314
-0.0549078050984491,-0.6038331451584297
-0.0562003663878217,-0.6641931997022265
-0.0574929276771955,-0.7300716956977065
-0.0587854889665692,-0.8014882417819561
-0.0600780502559418,-0.8784624465920602
-0.0613706115453156,-0.9610139187651049
-0.0885143986219051,-0.8911588125611416
-0.0910995212006453,-0.826733126707828
-0.0936846437793831,-0.7691310980988788
-0.0962697663581232,-0.7178577362943266
-0.0988548889368634,-0.6724180508542001
-0.1014400115156012,-0.6323170513385319
-0.1040251340943414,-0.5970597473073523
-0.1066102566730815,-0.5661511483206921
-0.1091953792518193,-0.539096263938582
-0.1117805018305595,-0.5154001037210542
-0.1143656244092973,-0.49456767722813944
-0.1169507469880375,-0.47610399401986825
-0.1195358695667776,-0.4595140636562953
-0.1221209921455154,-0.4319801214478132
-0.1247061147242556,-0.41018709050973323
-0.1272912373029957,-0.39402734168380094
-0.1298763598817336,-0.38203515796470394
-0.1156581856986885,-0.37266421209128103
-0.1014400115156561,-0.3651318607766125
-0.0872218373326111,-0.35963255352906787
-0.073003663149566,-0.3571111094096862
-0.0587854889665336,-0.3587287363518677
-0.0445673147834886,-0.36536121229468715
-0.0303491406004436,-0.3775228415850457
-0.0161309664174112,-0.3953687191669237
-0.0019127922343661,-0.41872575637488796
0.0123053819486662,-0.4470026021597498
0.0265235561317112,-0.47911423444401513
0.0407417303147563,-0.5134995155729712
0.0549599044977887,-0.548065361573931
0.0691780786808337,-0.5795038664717008
0.0833962528638788,-0.6036932902858481
0.0976144270469112,-0.6175142691709297
0.1040772334937436,-0.620234276670285
0.0950293044681795,-0.6128104939678451
0.0859813754426074,-0.5979877658005531
0.0769334464170353,-0.5813312238126828
0.0678855173914712,-0.5672204903094263
0.0588375883658991,-0.5547482363246443
0.049789659340327,-0.542965416396421
0.0407417303147629,-0.5316035709834865
0.0316938012891908,-0.5207036145507526
0.0226458722636268,-0.5103698824561194
0.0135979432380546,-0.5007523924034183
0.0045500142124825,-0.4920486240529778
-0.0044979148130814,-0.4844812247853542
-0.0135458438386536,-0.4782269493492272
-0.0225937728642257,-0.4734553323469783
-0.0316417018897898,-0.47028551016979564
-0.0406896309153619,-0.4687555861340558
-0.0247480416798338,-0.4688641800654984
0.0036883066862489,-0.47061413349805076
0.0321246550523316,-0.47391099188530444
0.0605610034183891,-0.4785368385571924
0.0889973517844718,-0.4842364044451891
0.1174337001505546,-0.4907105007258192
0.1458700485166121,-0.49761404447280916
0.1743063968826948,-0.5046593447650224
0.2027427452487523,-0.5116764143012491
0.231179093614835,-0.5185579743148274
0.2596154419809178,-0.5252669563497022
0.2880517903469753,-0.5318196743412426
0.316488138713058,-0.5382372717654019
0.3449244870791407,-0.5445199660013298
0.3733608354451982,-0.5506481952898015
0.401797183811281,-0.556564229575861
0.4302335321773385,-0.5621829079783578
0.4173079192836635,-0.5674352917878037
0.4043823063899885,-0.5721967530476753
0.391456693496325,-0.5763063986904926
0.37853108060265,-0.579651549366064
0.3656054677089751,-0.5822526053330965
0.3526798548153116,-0.5842160161013944
0.3397542419216366,-0.5857265797780741
0.3268286290279731,-0.5870551173133587
0.3139030161342981,-0.5885080443599501
0.3009774032406231,-0.5903163045362558
0.2880517903469597,-0.5925765743980521
0.2751261774532847,-0.5952867050460507
0.2622005645596097,-0.5983435899532787
0.2492749516659462,-0.6015620636391013
0.2363493387722712,-0.6047271670443503
0.2234237258786077,-0.6076753747150127
0.2152375043792877,-0.6102542076219005
0.2165300656686651,-0.6122996681052966
0.2178226269580413,-0.6136754217572123
0.2191151882474186,-0.614358831526293
0.220407749536796,-0.6143828757172004
0.2217003108261722,-0.613771694718083
0.2229928721155495,-0.6125296620328515
0.2242854334049257,-0.6106584417379819
0.2255779946943031,-0.6080616645978119
0.2268705559836804,-0.6045501643708895
0.2281631172730566,-0.6000057757805876
0.2294556785624339,-0.5944538612828162
0.2307482398518102,-0.5880093468823487
0.2320408011411875,-0.5808712659479535
0.2333333624305648,-0.5733774533648649
0.2346259237199411,-0.5658612435740377
0.2359184850093184,-0.5585111809542547
0.233764216193708,-0.5513368395128251
0.2298865323256049,-0.5442317711133903
0.2260088484574984,-0.5369698218118077
0.2221311645893953,-0.5292828996434303
0.2182534807212888,-0.520928729691232
0.2143757968531822,-0.5117094954200906
0.2104981129850792,-0.50148722951834
0.2066204291169726,-0.49022481126762885
0.2027427452488661,-0.47803502943532344
0.198865061380763,-0.46514515525196726
0.1949873775126565,-0.451826237024338
0.1911096936445534,-0.4382490562819075
0.1872320097764468,-0.4239917745049693
0.1833543259083403,-0.40827152320875065
0.1794766420402372,-0.39576101816949133
0.1755989581721307,-0.3904436314625383
0.1717212743040242,-0.3941708943096696
0.1613807839890875,-0.40766217785383374
0.1510402936741416,-0.3597218370425306
0.140699803359205,-0.35165583703096276
0.1303593130442591,-0.3794187530906093
0.1200188227293133,-0.43893171070246806
0.1096783324143766,-0.5259567776658646
0.0993378420994307,-0.636229545625054
0.0889973517844849,-0.7459539355133578
0.0786568614695482,-0.8692604677275401
0.0683163711546023,-1.005553950997749
0.0579758808396657,-1.1542391940541579
0.0476353905247198,-1.3147210056269447
0.0372949002097739,-1.4864041944462796
0.0269544098948373,-1.668693569242343
0.0166139195798914,-1.8609939387453023
0.0062734292649456,-2.0627101116853384
0.0023957453968392,-2.273246896792622
0.0114436744224187,-2.492009102797326
0.0204916034479901,-2.7184015384296285
-0.0264714567323608,0.2535327526670112
-0.0161309664174259,0.18819331334481912
-0.0057904761025003,0.13067486227642355
0.0045500142124344,0.08033143242636039
0.0148905045273693,0.03651705675916375
0.0252309948422949,-0.001414231760635603
0.0355714851572298,-0.03410840016850181
0.0416034378409405,-0.06221141549990242
0.0390183152622077,-0.08636924479030499
0.036433192683475,-0.10722785507517192
0.0338480701047445,-0.1254332133899742
0.0312629475260117,-0.14163128677017597
0.0286778249472789,-0.15646804225127042
0.0260927023685484,-0.16875907982525165
0.0235075797898156,-0.1823890986062514
0.0209224572110852,-0.20133200720018063
0.0183373346323524,-0.2217723442534623
0.0157522120536196,-0.2454290264471423
0.0131670894748891,-0.2710134405620246
0.0105819668961563,-0.29752890868058446
0.0079968443174235,-0.3246950171670788
0.0054117217386931,-0.3524902580802829
0.0028265991599603,-0.3807284291397551
0.0002414765812298,-0.4091286855032566
-0.0040670610499931,-0.4376292470599978
-0.0092373062074624,-0.46625957155859615
-0.0144075513649271,-0.49500272690225167
-0.0195777965223963,-0.5238386645429177
-0.0247480416798656,-0.5527524181181163
-0.0299182868373302,-0.581618329508615
-0.0350885319947995,-0.610104477012065
-0.0402587771522642,-0.6377821525787285
-0.0454290223097334,-0.6642726641419838
-0.0505992674672027,-0.689240951289577
-0.0557695126246674,-0.7123186024985387
-0.0609397577821366,-0.733196751339212
-0.0661100029396059,-0.7517096231598472
-0.0712802480970706,-0.767768849454056
-0.0764504932545398,-0.7812746144378598
-0.0816207384120045,-0.7921850886530014
-0.0867909835694738,-0.8004912146976432
-0.0829132997013672,-0.806145554134608
-0.0790356158332641,-0.8092429280915735
-0.0751579319651576,-0.8103581083558762
-0.0712802480970545,-0.8103073124181464
-0.067402564228948,-0.8098656927416567
-0.0635248803608414,-0.8101194848059341
-0.0596471964927383,-0.8125142181238499
-0.0557695126246318,-0.8183836867720269
-0.0518918287565252,-0.8288390389226606
-0.0480141448884221,-0.8445137341185821
-0.0441364610203156,-0.8650962931885723
-0.0402587771522125,-0.889588519517126
-0.036381093284106,-0.9168401498135227
-0.0325034094159994,-0.9458834180370891
-0.0286257255478963,-0.9762708679031877
-0.0247480416797898,-1.0079772242277851
-0.0243171879166695,-1.0411943981828136
-0.0307799943635068,-1.075802711465184
-0.0372428008103498,-1.1111550403555295
-0.043705607257187,-1.1446794332527594
-0.05016841370403,-1.1755490716891726
-0.056631220150873,-1.2029371371970907
-0.0630940265977103,-1.2260168113088374
-0.0695568330445533,-1.2439612755567342
-0.0760196394913963,-1.2559437114731025
-0.0824824459382335,-1.2611373005902653
-0.0889452523850765,-1.258715224440546
-0.0954080588319138,-1.247850664556263
-0.1018708652787568,-1.227716802469743
-0.1083336717255998,-1.1974868197133062
-2.958431314780104,1.641543812200843
-3.0036709599079723,1.606520992190372
-3.0489106050358403,1.5627390665307739
-3.094150250163668,1.5111628508095465
-3.1040598867154565,1.4527571606141887
-3.043309506115235,1.3884868115321969
-2.982559125514959,1.3193166191510712
-2.9218087449146832,1.2462113990583066
-2.8610583643144616,1.1701359668414049
-2.800307983714186,1.0920551380878594
-2.7395576031139104,1.012933728385172
-2.6788072225136887,0.9337365533208375
-2.618056841913413,0.8554284284823304
-2.5573064613131913,0.7843417952732958
-2.4965560807129155,0.7163165282269249
-2.43580570011264,0.652339063605242
-2.3750553195124184,0.5927623214254697
-2.3143049389121426,0.5370548958531227
-2.2535545583118672,0.48476047919410303
-2.192804177711645,0.43702895370653155
-2.1320537971113698,0.3950712476630626
-2.0756119541423748,0.35950496947458477
-2.021324379988942,0.33036933756126124
-1.9670368058355092,0.30674546808292713
-1.9127492316821249,0.28674968876505447
-1.858461657528692,0.2687440995388554
-1.8041740833752593,0.25195080878371673
-1.7498865092218747,0.23602311986630786
-1.6955989350684422,0.22098806803292456
-1.6413113609150576,0.20711211327569493
-1.587023786761625,0.19463320195023995
-1.5327362126081925,0.1836955625928264
-1.4784486384548077,0.17438417431505931
-1.4241610643013751,0.16672949881832186
-1.3698734901479424,0.16077062091496525
-1.315585915994558,0.15660472850698384
-1.2612983418411252,0.1543066730322245
-1.2070107676877406,0.15385789072080702
-1.1514306322449268,0.15512567940459188
-1.095850496802113,0.15786037971513908
-1.0402703613593487,0.1616676437702341
-0.9846902259165348,0.16606317131974258
-0.9291100904737212,0.17058983170539968
-0.8735299550309567,0.17485811108826166
-0.8179498195881428,0.17852731792299545
-0.7623696841453784,0.18133551861111383
-0.7067895487025646,0.18315952848265532
-0.6512094132597509,0.18397676545440628
-0.5956292778169865,0.1837844201017118
-0.5400491423741727,0.18262374288552857
-0.4844690069313588,0.18055637421976997
-0.4288888714885944,0.17759527641824305
-0.3733087360457806,0.1737111859708
-0.3177286006030162,0.16886775140762922
-0.2785209081588765,0.1630454489547157
-0.2720581017120412,0.15626466668208222
-0.2655952952652116,0.14866713140990934
-0.2591324888183763,0.1405275422333352
-0.2526696823715409,0.13217479963703302
-0.2462068759247114,0.12395928538291855
-0.2397440694778761,0.11615955444414944
-0.2332812630310465,0.10884665730593575
-0.2268184565842112,0.10185617433428701
-0.2203556501373759,0.09488186823338615
-0.2138928436905463,0.0875434505513159
-0.207430037243711,0.07945183815995638
-0.2009672307968814,0.07032385148849721
-0.1945044243500461,0.06005275760635674
-0.1880416179032108,0.0486720321499372
-0.1815788114563812,0.03631956136372523
-0.1751160050095459,0.023211785298790366
-0.1677914910364665,0.009612986789486765
-0.1600361233002714,-0.004190877606188993
-0.1522807555640693,-0.01787855718990656
-0.1445253878278742,-0.031102858127103714
-0.1367700200916721,-0.04350189862785535
-0.12901465235547,-0.05470078677980568
-0.1212592846192749,-0.06435473174422503
-0.1135039168830728,-0.07218347025387925
-0.1057485491468708,-0.07798531421574319
-0.0979931814106756,-0.08164732723337945
-0.0902378136744736,-0.0832105880861605
-0.0824824459382784,-0.08286454010303457
-0.0747270782020764,-0.08090927422691778
-0.0669717104658743,-0.07776086513056213
-0.0592163427296792,-0.0739220066807914
-0.0514609749934771,-0.069867900054806
-0.0437056072572751,-0.06592452514156914
-0.0359502395210762,-0.06227615629676726
-0.0281948717848705,-0.05899730231249816
-0.0204395040486717,-0.05604200286136461
-0.012684136312466,-0.05330894278171996
-0.0049287685762603,-0.050762371361741186
0.0028265991599385,-0.0484555361909243
0.0105819668961442,-0.046448356189903006
0.0183373346323499,-0.04476578537770854
0.0260927023685487,-0.04342135853986882
0.0338480701047544,-0.042475136622826544
0.0416034378409533,-0.042020203032733884
0.049358805577159,-0.042157779337172394
0.0571141733133647,-0.04306648693490904
0.0648695410495635,-0.04493439356212878
0.0726249087857693,-0.047491151443869895
0.080380276521975,-0.04937157866136862
0.0786568614694964,-0.047101276822714054
0.0579758808396194,-0.04794431719560404
0.0372949002097607,-0.059356315894561355
0.0166139195798837,-0.032912849154860854
-0.0040670610499932,-0.04023992133799836
-0.0247480416798519,-0.07658514341895999
-0.0454290223097289,-0.13786041852489114
-0.0661100029396059,-0.2202384434779791
-0.0867909835694646,-0.3200361061516379
-0.1074719641993416,-0.4336406294821316
-0.1281529448292003,-0.557513430502433
-0.1488339254590773,-0.688296909130977
-0.1695149060889543,-0.8229147512210296
-0.190195886718813,-0.9584917703489291
-0.21087686734869,-1.0922686260240657
-0.231557847978567,-1.2217008638496056
-0.2522388286084256,-1.34455245329415
-0.2660261490283467,-1.4588356531525375
-0.2763666393432761,-1.562521664081083
-0.2867071296582146,-1.653554071107685
-0.2970476199731531,-1.7165799343584627
-0.3073881102880824,-1.7681282722858154
-0.3177286006030209,-1.8084479000084523
-0.3280690909179595,-1.8377876326450975
-0.3384095812328888,-1.8563962853144746
-0.3487500715478273,-1.8645226731353095
-0.3590905618627567,-1.862415611226324
-0.3694310521776952,-1.8503239147062414
-0.3797715424926337,-1.8284963986937914
-0.390112032807563,-1.7971818783076912
-0.4004525231225015,-1.7566291686666695
-0.41079301343744,-1.707087084889447
0.0088585518437862,-1.344930768172287
-0.0247480416797341,-1.416980500596425
-0.0583546352032843,-1.4676081186438439
-0.0919612287268046,-1.4987058312651185
-0.1255678222503549,-1.5121658474108224
-0.159174415773905,-1.509880376031529
-0.1927810092974254,-1.4937416260778136
-0.2263876028209757,-1.4656418065002494
-0.2522388286083297,-1.4274731262494103
-0.2742123705275609,-1.3811277942758697
-0.2961859124468117,-1.328498019530203
-0.318159454366043,-1.2714760109629828
-0.3401329962852937,-1.2119539775248054
-0.3621065382045445,-1.1631442521237916
-0.3840800801237757,-1.1137373054167024
-0.4060536220430265,-1.06540143581592
-0.4280271639622773,-1.0200890259644957
-0.4500007058815085,-0.9796562299358017
-0.4719742478007593,-0.9456983630561709
-0.4939477897199906,-0.9194892827125121
-0.5159213316392414,-0.901921641162404
-0.5378948735584921,-0.8932008894032373
-0.5598684154777234,-0.8924096292730002
-0.5818419573969742,-0.8974701337652622
-0.6038154993162249,-0.9057529702017744
-0.6387146541291233,-0.9130847480665538
-0.6736138089420527,-0.9183025053543362
-0.7085129637549512,-0.9249018499219386
-0.7434121185678806,-0.9340140592171366
-0.77831127338081,-0.9460776517581989
-0.8132104281937085,-0.9611075749011486
-0.8481095830066379,-0.978825891420892
-0.8830087378195672,-0.9987584082746672
-0.9179078926324656,-1.0204450546478985
-0.9528070474453952,-1.0434604653614277
-0.9877062022582936,-1.0673518792098222
-1.022605357071223,-1.0915076757623654
-1.0575045118841524,-1.1151911815125954
-1.092403666697051,-1.1376734119504546
-1.1273028215099803,-1.1585177360642074
-1.1622019763229097,-1.1774591313831009
-1.1902074709258577,-1.1942829100488566
-1.204425645108899,-1.2088561369389506
-1.2186438192919278,-1.2212736433846996
-1.2328619934749692,-1.2319063362794365
-1.2470801676580106,-1.2406913449858707
-1.2612983418410393,-1.2475657988667297
-1.275516516024081,-1.2524668272847381
-1.2897346902071218,-1.2553315596026244
-1.3039528643901508,-1.2560971251831134
-1.3181710385731922,-1.2547006533889313
-1.332389212756221,-1.2510792735828082
-1.346607386939262,-1.245170115127465
-1.3608255611223037,-1.2369103073856311
-1.3750437353053322,-1.226236979720034
-1.6693168555179012,-0.7069018995395274
-1.6550986813348687,-0.7041791814153207
-1.6408805071518238,-0.6980771585063318
-1.6266623329687786,-0.6890019343995741
-1.6124441587857463,-0.6773596126820663
-1.5982259846027012,-0.6635562969408252
-1.5840078104196686,-0.6479980907628675
-1.5697896362366237,-0.6310910977352138
-1.5555714620535783,-0.6132414214448774
-1.5413532878705465,-0.5948551654788768
-1.527135113687501,-0.5763384334242307
-1.5129169395044562,-0.5580973288679559
-1.4986987653214237,-0.5405379553970899
-1.4844805911383787,-0.5222265677799205
-1.4702624169553462,-0.5060861233357878
-1.4603527804035257,-0.4940224392662541
-1.4525974126673198,-0.4866510578530279
-1.444842044931121,-0.483535248114684
-1.4370866771949151,-0.4843487966904314
-1.4293313094587097,-0.4879680112083118
-1.421575941722511,-0.49142840683536176
-1.413820573986305,-0.49482714139945533
-1.4060652062501062,-0.4988605083291955
-1.3983098385139006,-0.5041928568141375
-1.390554470777695,-0.511068882160933
-1.382799103041496,-0.519451361912042
-1.3750437353052902,-0.5291857388318106
-1.3672883675690846,-0.5400284528725234
-1.3595329998328858,-0.5517247838300996
-1.35177763209668,-0.5641068854650589
-1.3440222643604811,-0.5770290578349576
-1.3362668966242754,-0.5903468247246642
-1.3000751805219943,-0.603917688828547
-1.2638834644197454,-0.61762682440323
-1.2276917483174643,-0.6314931387184383
-1.1915000322152152,-0.6457056932911357
-1.155308316112934,-0.6598889855744011
-1.119116600010653,-0.6729782235950125
-1.082924883908404,-0.6842192882398889
-1.046733167806123,-0.6932587190701566
-1.0105414517038418,-0.6992400660735935
-0.9743497356015928,-0.7014343466856701
-0.9381580194993118,-0.6998415436769096
-0.9019663033970629,-0.6944019461311512
-0.8657745872947816,-0.6850006647720516
-0.8295828711925005,-0.6714479173763607
-0.7933911550902515,-0.6534762111238172
-0.7571994389879704,-0.6313874549448555
-0.7296247981481407,-0.6059959411846928
-0.7192843078332004,-0.5783527260426131
-0.7089438175182509,-0.5497130843775139
-0.6986033272033105,-0.521384269886214
-0.688262836888361,-0.4946059307948373
-0.6779223465734114,-0.47038893214767946
-0.6675818562584711,-0.4497275951358876
-0.6572413659435216,-0.43357190935642625
-0.646900875628572,-0.42256257456449425
-0.6365603853136317,-0.41693785805857275
-0.6262198949986821,-0.4166301225720862
-0.6158794046837418,-0.4212056685081343
-0.6055389143687923,-0.42953500352379825
-0.5951984240538427,-0.4404291639111095
-0.5848579337389024,-0.45334176442791996
-0.5745174434239528,-0.46764087577916197
-0.5641769531090033,-0.482170509998802
-0.5391874348479097,-0.4962972941153969
-0.5068734026137204,-0.5098073908853371
-0.4745593703795597,-0.5222631646129723
-0.4422453381453705,-0.5331315225596275
-0.4099313059111812,-0.5419831209819533
-0.3776172736770206,-0.548898248031925
-0.3453032414428313,-0.5545448854500318
-0.312989209208642,-0.5594893175112268
-0.2806751769744814,-0.5641460585386256
-0.2483611447402922,-0.5689910914681641
-0.2160471125061316,-0.5744149792085693
-0.1837330802719423,-0.5807771055103524
-0.151419048037753,-0.5884598878407852
-0.1191050158035924,-0.5978255175122382
-0.0867909835694031,-0.6088572311997585
-0.0544769513352139,-0.6211661810701901
-0.0221629191010533,-0.6342586971439818
-0.0118224287861184,-0.6476812478829739
-0.0014819384711928,-0.6610206059410135
0.008858551843742,-0.6739332105722151
0.0191990421586768,-0.6862219755317861
0.0295395324736024,-0.6978652513011164
0.0398800227885373,-0.7089005784600163
0.0502205131034721,-0.7192626439246066
0.0605610034183978,-0.7287965534347953
0.0709014937333326,-0.7373168766910313
0.0812419840482583,-0.7446078385770895
0.0915824743631931,-0.7504373511178895
0.1019229646781279,-0.7546804703551996
0.1122634549930536,-0.7573092964056174
0.1226039453079884,-0.7583110249605545
0.1329444356229232,-0.7577279480685817
0.1432849259378489,-0.7557714242521177
0.1579339538840174,-0.7526749679156454
0.1812000570926213,-0.7484311338999222
0.2044661603012458,-0.7428172070771941
0.2277322635098703,-0.7356649172464815
0.2509983667184742,-0.7268994981225555
0.2742644699270987,-0.7165484784985149
0.2975305731357232,-0.7048287477703185
0.320796676344327,-0.6920821602252559
0.3440627795529515,-0.6786652998101966
0.3673288827615554,-0.664901337081239
0.3905949859701799,-0.6511039323523692
0.4138610891788044,-0.6375162803340321
0.4371271923874082,-0.6243455613462653
0.4603932955960327,-0.6117877034332786
0.4836593988046572,-0.6000673956539365
0.5069255020132611,-0.5894724091011364
0.5301916052218856,-0.5804351714602496
0.5370852654318312,-0.573393474342589
0.5357927041424575,-0.568648547046111
0.5345001428530838,-0.5664036860951146
0.5332075815637112,-0.5667593259619496
0.5319150202743375,-0.5696713430570578
0.5306224589849637,-0.5748840968151289
0.5293298976955911,-0.5819275117123285
0.5280373364062174,-0.5900519878610626
0.5267447751168448,-0.5983969928843007
0.525452213827471,-0.6062770110572713
0.5241596525380973,-0.6134437953233405
0.5228670912487247,-0.6199553081923537
0.5215745299593509,-0.6260936511415636
0.5202819686699772,-0.6321652378793947
0.5189894073806046,-0.638341370956421
0.5176968460912309,-0.6445786572146552
0.5164042848018583,-0.6506383550184925
0.5176968460912283,-0.6561650573092905
0.5189894073805984,-0.6607932135542656
0.5202819686699673,-0.6643373479693836
0.5215745299593374,-0.6667955076537204
0.5228670912487074,-0.6683499855447694
0.5241596525380764,-0.6693712750802933
0.5254522138274464,-0.6703897553932964
0.5267447751168154,-0.6718268173809274
0.5280373364061854,-0.6739722885313586
0.5293298976955555,-0.6770515262178326
0.5306224589849244,-0.681167974544237
0.5319150202742945,-0.6862093333773048
0.5332075815636647,-0.6918964390003949
0.5345001428530335,-0.6979477421666634
0.5357927041424037,-0.7041499681210899
0.5370852654317725,-0.7103771304073248
0.5340692890899152,-0.7166215124739211
0.5224362374856146,-0.7230917669131766
0.5108031858813243,-0.730104787695249
0.4991701342770236,-0.7379073962691909
0.487537082672723,-0.7466091144424024
0.4759040310684327,-0.7562455202616752
0.4642709794641321,-0.7667154906959761
0.4526379278598419,-0.777750685944908
0.4410048762555413,-0.7890294534057026
0.4293718246512406,-0.80028166486229
0.4177387730469504,-0.8112820698807888
0.4061057214426498,-0.821829813172744
0.3944726698383595,-0.8318487032915188
0.3828396182340589,-0.8414249669560125
0.3712065666297582,-0.8507230931814765
0.3595735150254679,-0.8598866284038547
0.3479404634211673,-0.8690779926803572
0.3414776569743222,-0.8784229593193134
0.3375999731062118,-0.887923109065069
0.3337222892380979,-0.8974467985473834
0.3298446053699875,-0.9068485326300368
0.3259669215018736,-0.9160102614790383
0.3220892376337597,-0.9248313955042535
0.3182115537656493,-0.9332598936156773
0.3143338698975354,-0.941369211786963
0.3104561860294215,-0.9493121510961113
0.306578502161311,-0.9571928565719122
0.3027008182931971,-0.9650615442164596
0.2988231344250867,-0.9729590471463078
0.2949454505569728,-0.9808677180773192
0.291067766688859,-0.9886592716837378
0.2871900828207485,-0.9961556287747001
0.2833123989526346,-1.0032317985359094
0.2794347150845208,-1.0098282754404335
0.2975305731356599,-1.0159140249718326
0.3156264311868152,-1.0215214587399022
0.3337222892379544,-1.0267557405988321
0.3518181472891096,-1.0317335097202185
0.3699140053402649,-1.0365375359196594
0.3880098633914041,-1.0411960020646802
0.4061057214425593,-1.04566819116398
0.4242015794937146,-1.0498110344484497
0.4422974375448538,-1.0533727967887225
0.460393295596009,-1.056050487366054
0.4784891536471482,-1.0576027828632064
0.4965850116983035,-1.0579090138867648
0.5146808697494587,-1.0569749891363287
0.5327767278005979,-1.0549267552893733
0.5508725858517531,-1.0519853568297766
0.5689684439029083,-1.048373623220604
0.5810323492703399,-1.0442069892929347
0.5810323492703399,-1.0394749868608089
0.5810323492703399,-1.0340922174278488
0.5810323492703399,-1.0279871019529827
0.5810323492703399,-1.0211522854952095
0.5810323492703399,-1.0136921734528779
0.5810323492703399,-1.0058623763021752
0.5810323492703399,-0.9979545474012051
0.5810323492703399,-0.9901859219536211
0.5810323492703399,-0.9826620529784333
0.5810323492703399,-0.9754268436184436
0.5810323492703399,-0.9684710599220856
0.5810323492703399,-0.9617737899391071
0.5810323492703399,-0.9553425719810152
0.5810323492703399,-0.9492675887419603
0.5810323492703399,-0.9436666039928565
0.5810323492703399,-0.9386412895278576
0.5862025944278056,-0.9342835171242736
0.5939579621640008,-0.9307045365471507
0.6017133299002028,-0.9280020439587977
0.6094686976364049,-0.9262256431834381
0.6172240653726,-0.92539171439255
0.6249794331088021,-0.9254808163116219
0.6327348008450041,-0.9263691965774382
0.6404901685811992,-0.9278337954084238
0.6482455363174013,-0.9296469792641231
0.6560009040535965,-0.9316555173244022
0.6637562717897986,-0.9337544251809837
0.6715116395260006,-0.9358690039140066
0.6792670072621957,-0.9379813791253435
0.6870223749983978,-0.9401152022767841
0.6947777427345998,-0.9422277638724054
0.702533110470795,-0.944258424419544
0.710288478206997,-0.9461910953046748
0.7025331104707982,-0.9480694557778162
0.6947777427345925,-0.9499138776311987
0.6870223749983868,-0.9517608366981456
0.6792670072621879,-0.9537071019761036
0.6715116395259823,-0.955867199449395
0.6637562717897765,-0.958286597522667
0.6560009040535777,-0.9609772467187759
0.6482455363173719,-0.9639546308521978
0.6404901685811731,-0.9671773741051622
0.6327348008449674,-0.9705149771582772
0.6249794331087617,-0.9738073874394056
0.6172240653725629,-0.9769464594484977
0.6094686976363571,-0.9798797572508331
0.6017133299001514,-0.9826020396309283
0.5939579621639526,-0.9851872378855526
0.5862025944277469,-0.9877613192869144
0.5775855191653041,-0.9904122014891888
0.5672450288503619,-0.9931566102299544
0.5569045385354197,-0.9960069331513873
0.5465640482204868,-0.9989969566798141
0.5362235579055445,-1.0021753438302663
0.5258830675906023,-1.0055617244426676
0.5155425772756693,-1.009113867425746
0.5052020869607271,-1.0126940075777888
0.4948615966457941,-1.016024166848446
0.4845211063308519,-1.0187511080263287
0.4741806160159098,-1.0206020145040495
0.4638401257009767,-1.0215075536417673
0.4534996353860345,-1.0216440260614916
0.4431591450710924,-1.021468671008002
0.4328186547561594,-1.0216389543637354
0.4224781644412172,-1.0226614553514966
0.4121376741262842,-1.0247486174503455
0.3983503537063591,-1.0279447119008167
0.3828396182339403,-1.0322844768075088
0.3673288827615353,-1.0379907827440926
0.3518181472891165,-1.0435865120709769
0.3363074118166977,-1.0500366250772777
0.3207966763442927,-1.0573813329241033
0.3052859408718739,-1.0656608467725845
0.2897752053994689,-1.0749153777838543
0.2742644699270501,-1.0851851371190429
0.2587537344546313,-1.0965103359392856
0.2432429989822263,-1.1089311854057118
0.2277322635098075,-1.122487896679453
0.2122215280373887,-1.1372206809216414
0.1967107925649837,-1.1531697492934092
0.1812000570925649,-1.1703753129558896
0.7361397039943774,-0.3480219893369752
0.728384336258175,-0.4760483677458909
0.7206289685219656,-0.5809079946993783
0.712873600785763,-0.6644101623335739
0.7051182330495537,-0.7283641627846076
0.6973628653133442,-0.774579288188618
0.6896074975771418,-0.8048648306817381
0.6818521298409324,-0.8210300824001013
0.6740967621047229,-0.8248843354798426
0.6663413943685205,-0.818236882057097
0.658586026632311,-0.8028970142679959
0.6508306588961086,-0.7806740242486778
0.6460912675017604,-0.7533772041352983
0.6473838287911268,-0.7346739328291818
0.6486763900804919,-0.7107402839898777
0.6499689513698582,-0.6836354511389855
0.6512615126592246,-0.6568937258354888
0.6525540739485898,-0.6340826729332016
0.653846635237956,-0.6171713243421748
0.6551391965273212,-0.6067862725876457
0.6564317578166876,-0.6020520213569558
0.6577243191060539,-0.6018506487755859
0.6590168803954191,-0.6047335606369287
0.6603094416847853,-0.6089850912417547
0.6616020029741505,-0.6131183055730789
0.6628945642635169,-0.6165047023690785
0.6641871255528832,-0.6188747304105865
0.6654796868422483,-0.6203075670488681
0.6667722481316147,-0.6211703191531506
0.646522121264862,-0.6217735584730194
0.615500650320063,-0.6222889469622411
0.5844791793752364,-0.6227761534197239
0.5534577084304375,-0.6231626639245027
0.5224362374856109,-0.6233305240489522
0.4914147665407843,-0.6232445341790136
0.4603932955959853,-0.6228469726215922
0.4293718246511587,-0.6220399508873905
0.3983503537063322,-0.6207316223442372
0.3673288827615332,-0.6189090714096595
0.3363074118167067,-0.6165618425753716
0.3052859408719077,-0.6137263526960117
0.2742644699270811,-0.6105440649497244
0.2432429989822546,-0.6072531672621041
0.2122215280374556,-0.6040901254433347
0.181200057092629,-0.6012702391902119
0.1501785861478024,-0.5990381014184717
0.1514711474371713,-0.5975833564355579
0.1527637087265413,-0.5970097315555591
0.1540562700159103,-0.5973296052332205
0.1553488313052803,-0.5985676507034973
0.1566413925946504,-0.6006741170357169
0.1579339538840193,-0.603567944631402
0.1592265151733894,-0.60716248435553
0.1605190764627594,-0.6113933640196
0.1618116377521284,-0.6161162863068836
0.1631041990414984,-0.6211541750594076
0.1643967603308674,-0.6263364574242389
0.1656893216202374,-0.6314928684519693
0.1669818829096075,-0.6364073907349264
0.1682744441989764,-0.640919330985142
0.1695670054883465,-0.6450957752160826
0.1708595667777165,-0.6491455497059572
0.1704287130145975,-0.6533762673132979
0.1665510291464947,-0.658186833840799
0.1626733452783953,-0.6640416125344871
0.1587956614102924,-0.6712253854567032
0.1549179775421895,-0.6798581287360749
0.1510402936740901,-0.689951922221965
0.1471626098059873,-0.701460868723606
0.1432849259378844,-0.7143927752616861
0.139407242069785,-0.7286713547233872
0.1355295582016821,-0.7439304054384379
0.1316518743335827,-0.7593449321034271
0.1277741904654799,-0.773560065034886
0.123896506597377,-0.7853108181800627
0.1200188227292776,-0.7939107283196614
0.1161411388611747,-0.7993081643358957
0.1122634549930718,-0.8018782892904059
0.1083857711249724,-0.8024211349172357
0.0984761345731624,-0.8019548273210508
0.0855505216795063,-0.8013342179470352
0.0726249087858386,-0.8010988972329528
0.059699295892171,-0.801670868537679
0.0467736829985149,-0.8034959083041355
0.0338480701048473,-0.8069634696037302
0.0209224572111796,-0.8123274569126177
0.0079968443175235,-0.8198279709997954
-0.004928768576144,-0.8296814475548482
-0.0178543814698002,-0.8419742932763706
-0.0307799943634678,-0.8566966929589813
-0.0437056072571354,-0.8738745423064227
-0.0566312201507916,-0.8933995902291708
-0.0695568330444592,-0.9149132960021559
-0.0824824459381268,-0.9378085132742061
-0.0954080588317829,-0.9609826825325857
-0.1083336717254506,-0.9828359361763037
-0.0876526910955882,-1.0016827053321966
-0.0669717104657075,-1.016298474111032
-0.0462907298358268,-1.0264760280602419
-0.0256097492059645,-1.0327793545793962
-0.0049287685760838,-1.0361186898334744
0.0157522120537968,-1.0373834750843487
0.0364331926836591,-1.0373222886671805
0.0571141733135398,-1.0362991370671841
0.0777951539434021,-1.0343535047557333
0.0984761345732828,-1.031436698954133
0.1191571152031635,-1.0275754231514822
0.1398380958330258,-1.0228474228668145
0.1605190764629065,-1.017330797922995
0.1812000570927872,-1.0111008816396685
0.2018810377226495,-1.0042622291219099
0.2225620183525302,-0.9969729655254924
0.2311790936149808,-0.9894280566773149
0.215668358142562,-0.9818878684808894
0.2001576226701432,-0.9746416458758036
0.1846468871977382,-0.967934680267075
0.1691361517253194,-0.9619049932763732
0.1536254162529007,-0.956619039790155
0.1381146807804956,-0.952086882923659
0.1226039453080769,-0.9482884353274432
0.1070932098356718,-0.9451852915391692
0.091582474363253,-0.9427704613099875
0.0760717388908343,-0.9410717365166845
0.0605610034184292,-0.9401260057718082
0.0450502679460105,-0.9399743470912342
0.0295395324735917,-0.9407683803695122
0.0140287970011867,-0.9427679098337488
-0.001481938471232,-0.9462017594651743
-0.0169926739436371,-0.9511976355748976
-0.0376736545735191,-0.9577625835338013
-0.0609397577821363,-0.965753421735487
-0.0842058609907328,-0.9748892129916598
-0.1074719641993499,-0.9848174046807263
-0.1307380674079671,-0.995272600341724
-0.1540041706165636,-1.0061235655674976
-0.1772702738251808,-1.017304527045252
-0.2005363770337773,-1.0287850821755966
-0.2238024802423944,-1.040594669319628
-0.2470685834510116,-1.0527329764885238
-0.2703346866596081,-1.065083758111142
-0.2936007898682253,-1.0773819719477176
-0.3168668930768424,-1.0892990174492676
-0.3401329962854389,-1.1004971260309189
-0.3633990994940561,-1.1106829483614535
-0.3866652027026526,-1.119695349940064
-0.4099313059112698,-1.1276157142664092
-0.3698619059408674,-1.134697585828707
-0.3297925059705007,-1.1412578580787687
-0.2897231060000983,-1.1476363200015836
-0.2496537060297315,-1.1541295207114848
-0.2095843060593292,-1.1608333570776523
-0.1695149060889268,-1.1676966186584539
-0.1294455061185601,-1.174683657114174
-0.0893761061481577,-1.1817688622592857
-0.0493067061777554,-1.1889015278379582
-0.0092373062073886,-1.19612203914951
0.0308320937630137,-1.2037012290085864
0.0709014937333805,-1.2120476856065936
0.1109708937037828,-1.221494001711414
0.1510402936741851,-1.2322300561384603
0.191109693644552,-1.2443762823764948
0.2311790936149542,-1.257899370178206
0.2604771495072814,-1.272516871077889
0.2682325172434803,-1.287718172265287
0.275987884979686,-1.3029082793399402
0.2837432527158848,-1.3174057746036512
0.2914986204520905,-1.3305971648413315
0.2992539881882963,-1.3420953745444577
0.3070093559244951,-1.3517983836698932
0.3147647236607008,-1.3597870251177284
0.3225200913969065,-1.3662305595033992
0.3302754591331054,-1.3713292997179072
0.3380308268693111,-1.375389146882059
0.3457861946055099,-1.37876294878396
0.3535415623417156,-1.3818021123898128
0.3612969300779214,-1.3847860197623822
0.3690522978141202,-1.3879717836693837
0.3768076655503259,-1.3916142516301924
0.3845630332865316,-1.3960190744038852
0.3914566934964841,-1.401514660414342
0.3979194999433198,-1.4083100913476647
0.4043823063901497,-1.4162892860084881
0.4108451128369854,-1.425148284112689
0.417307919283821,-1.437243659727612
0.4237707257306509,-1.449229145339269
0.4302335321774866,-1.4607182279408473
0.4366963386243223,-1.4713243945255554
0.4431591450711521,-1.4806611320866006
0.4496219515179878,-1.4883419276171876
0.4560847579648177,-1.4939802681105272
0.4625475644116534,-1.4971896405598262
0.469010370858489,-1.497583531958289
0.4754731773053189,-1.494775429299125
0.4819359837521546,-1.4883788195755396
0.4883987901989902,-1.4780071897807439
